,gen_true_bb_rmsd,gen_foldtrue_bb_rmsd,foldtrue_true_bb_rmsd,seq_recovery,seq,true_seq,protein_name,WT_name,num,pdbpath,rewards_eval,rewards,success
0,1.3037725687026978,1.4632511138916016,0.5970149040222168,0.3333333432674408,AVPDAFAVWAAEMRPLLAALFPDWDEEQLEELLRRLWALLTEEEKLPYVLRALLLAL,RPMNAFMVWARIHRPALAKANPAANNAEISVQLGLEWNKLSEEQKKPYYDEAQKIKE,7JJK.pdb,7JJK.pdb,0,../../data/data_and_model/sc_eval/original_new_10_0.5_0_eval/sc_output/7JJK/0,1.4515046,0.70126784,True
0,0.5866130590438843,0.545222282409668,0.5970149040222168,0.42105263471603394,KPLDAFEVWAKEMYPLLAKLYPDMNEKELEELLKELWAKLTEEEKLPYIILAELLKL,RPMNAFMVWARIHRPALAKANPAANNAEISVQLGLEWNKLSEEQKKPYYDEAQKIKE,7JJK.pdb,7JJK.pdb,1,../../data/data_and_model/sc_eval/original_new_10_0.5_0_eval/sc_output/7JJK/1,0.5220904,0.6052381,True
0,0.8226706981658936,0.5564206838607788,0.5970149040222168,0.35087719559669495,KVLDAFEVWAAEMYPLLAALYPDWNDEQLEQLLKELWAKLTPEEKLPYILLALLLKL,RPMNAFMVWARIHRPALAKANPAANNAEISVQLGLEWNKLSEEQKKPYYDEAQKIKE,7JJK.pdb,7JJK.pdb,2,../../data/data_and_model/sc_eval/original_new_10_0.5_0_eval/sc_output/7JJK/2,1.1731663,0.559967,True
0,1.138000249862671,1.2961313724517822,0.5970149040222168,0.35087719559669495,KVLDAFQVWAAEMYPLLAALFPDWNEEELEELLREIWAKLTPEEKLPYVLLALLLAL,RPMNAFMVWARIHRPALAKANPAANNAEISVQLGLEWNKLSEEQKKPYYDEAQKIKE,7JJK.pdb,7JJK.pdb,3,../../data/data_and_model/sc_eval/original_new_10_0.5_0_eval/sc_output/7JJK/3,1.1715984,0.66133213,True
0,0.70061856508255,1.0570809841156006,0.5970149040222168,0.35087719559669495,KPLDAFEVWAAEMYPLLAALFPDWNEEQLLELLRELWAKLTPEEKLPYILRALALRL,RPMNAFMVWARIHRPALAKANPAANNAEISVQLGLEWNKLSEEQKKPYYDEAQKIKE,7JJK.pdb,7JJK.pdb,4,../../data/data_and_model/sc_eval/original_new_10_0.5_0_eval/sc_output/7JJK/4,1.594063,0.6797507,True
0,0.8408924341201782,1.0007768869400024,0.5970149040222168,0.31578946113586426,KVLDAFEVWAKLMYPLLAALFPDWNDEQLLELLKEIWAKLTPEEKLPFVLLAALLAL,RPMNAFMVWARIHRPALAKANPAANNAEISVQLGLEWNKLSEEQKKPYYDEAQKIKE,7JJK.pdb,7JJK.pdb,5,../../data/data_and_model/sc_eval/original_new_10_0.5_0_eval/sc_output/7JJK/5,0.9182487,0.6887059,True
0,0.7241851687431335,0.5756215453147888,0.5970149040222168,0.42105263471603394,KPLDAFQVWAREMYPLLAALFPDWNEEELEQLLKELWAKLTEEEKLPYVILAALLKL,RPMNAFMVWARIHRPALAKANPAANNAEISVQLGLEWNKLSEEQKKPYYDEAQKIKE,7JJK.pdb,7JJK.pdb,6,../../data/data_and_model/sc_eval/original_new_10_0.5_0_eval/sc_output/7JJK/6,1.1995994,0.61554587,True
0,1.009183406829834,1.1605029106140137,0.5970149040222168,0.2982456088066101,AVLDAFQVWAADMYPLLAALFPDWDEQQLLELLRQLWALLTPEEKLPYVLLAALLAL,RPMNAFMVWARIHRPALAKANPAANNAEISVQLGLEWNKLSEEQKKPYYDEAQKIKE,7JJK.pdb,7JJK.pdb,7,../../data/data_and_model/sc_eval/original_new_10_0.5_0_eval/sc_output/7JJK/7,2.0727935,0.7257768,True
0,0.9176588654518127,1.0943540334701538,0.5970149040222168,0.2982456088066101,KVLDAFQVWAAEMYPLLAALYPDWDEEELLRLLRELWALLTPEERLPYILLALLLAL,RPMNAFMVWARIHRPALAKANPAANNAEISVQLGLEWNKLSEEQKKPYYDEAQKIKE,7JJK.pdb,7JJK.pdb,8,../../data/data_and_model/sc_eval/original_new_10_0.5_0_eval/sc_output/7JJK/8,1.5117015,0.738502,True
0,1.1843328475952148,1.3681522607803345,0.5970149040222168,0.3333333432674408,KVLDAFQVWAAEMYPLLAALFPDWNEKQLEELLRKLWALLTPEQKLPYVLLALLLAL,RPMNAFMVWARIHRPALAKANPAANNAEISVQLGLEWNKLSEEQKKPYYDEAQKIKE,7JJK.pdb,7JJK.pdb,9,../../data/data_and_model/sc_eval/original_new_10_0.5_0_eval/sc_output/7JJK/9,1.7648543,0.6810603,True
0,0.8928090333938599,0.5734569430351257,0.5970149040222168,0.38596493005752563,QVLDAFQVWAAEMYPLLAALFPDWNEEELLKLLRELWAKLTEEEKLPYVLLAQLLAL,RPMNAFMVWARIHRPALAKANPAANNAEISVQLGLEWNKLSEEQKKPYYDEAQKIKE,7JJK.pdb,7JJK.pdb,10,../../data/data_and_model/sc_eval/original_new_10_0.5_0_eval/sc_output/7JJK/10,1.9334759,0.71780604,True
0,0.7218441963195801,0.711054265499115,0.5970149040222168,0.4035087823867798,KVLDAFEVWAKDMYPLLAKLFPNWNKEELLELLKKLWALLTEEEKLPYYLLALLLKL,RPMNAFMVWARIHRPALAKANPAANNAEISVQLGLEWNKLSEEQKKPYYDEAQKIKE,7JJK.pdb,7JJK.pdb,11,../../data/data_and_model/sc_eval/original_new_10_0.5_0_eval/sc_output/7JJK/11,1.4329792,0.7234607,True
0,1.1908352375030518,1.3810728788375854,0.5970149040222168,0.3333333432674408,KVLDAFEVWAAEMYPLLAALFPDWNDEQLAELLRELWAKLTPEEKLPYVVLAELLAK,RPMNAFMVWARIHRPALAKANPAANNAEISVQLGLEWNKLSEEQKKPYYDEAQKIKE,7JJK.pdb,7JJK.pdb,12,../../data/data_and_model/sc_eval/original_new_10_0.5_0_eval/sc_output/7JJK/12,1.962391,0.5366739,True
0,1.0138349533081055,1.307408332824707,0.5970149040222168,0.38596493005752563,KVLDAFEVWAREMYPLLAALFPDWNEEELEQLLKELWAKLTEEEKLPYILLAKLLAL,RPMNAFMVWARIHRPALAKANPAANNAEISVQLGLEWNKLSEEQKKPYYDEAQKIKE,7JJK.pdb,7JJK.pdb,13,../../data/data_and_model/sc_eval/original_new_10_0.5_0_eval/sc_output/7JJK/13,1.0181776,0.6145471,True
0,0.9329601526260376,0.6295876502990723,0.5970149040222168,0.3684210479259491,KVLDAFEVWAAVMYPLLAALYPDWNEKELEELLKELWAKLTEEEKLPFILLAELLKK,RPMNAFMVWARIHRPALAKANPAANNAEISVQLGLEWNKLSEEQKKPYYDEAQKIKE,7JJK.pdb,7JJK.pdb,14,../../data/data_and_model/sc_eval/original_new_10_0.5_0_eval/sc_output/7JJK/14,0.77173513,0.6150861,True
0,0.8648812174797058,1.1561561822891235,0.5970149040222168,0.38596493005752563,RPLDAFEVWAAEMYPLLAALFPDWNDEQLLELLRELWAKLTEEEKLPYVLLALLLRL,RPMNAFMVWARIHRPALAKANPAANNAEISVQLGLEWNKLSEEQKKPYYDEAQKIKE,7JJK.pdb,7JJK.pdb,15,../../data/data_and_model/sc_eval/original_new_10_0.5_0_eval/sc_output/7JJK/15,1.3513997,0.6658504,True
0,0.6281986832618713,0.5175236463546753,0.43112555146217346,0.31578946113586426,AVLDAFQVWAAEMYPLLAALFPDWNEEELERLLREIWAQLTPEERLPYELLARLLAL,RPMNAFMVWARIHRPALAKANPAANNAEISVQLGLEWNKLSEEQKKPYYDEAQKIKE,7JJK.pdb,7JJK.pdb,16,../../data/data_and_model/sc_eval/original_new_10_0.5_0_eval/sc_output/7JJK/16,2.1308904,0.66506845,True
0,0.6673678755760193,0.7081392407417297,0.43112555146217346,0.38596493005752563,KPLDAFQVWAAIMYPLLAALFPDWNDEELEELLKELWAKLTPEEKLPFILLAELLKK,RPMNAFMVWARIHRPALAKANPAANNAEISVQLGLEWNKLSEEQKKPYYDEAQKIKE,7JJK.pdb,7JJK.pdb,17,../../data/data_and_model/sc_eval/original_new_10_0.5_0_eval/sc_output/7JJK/17,0.85616505,0.54718846,True
0,0.6724770665168762,0.6101893782615662,0.43112555146217346,0.3333333432674408,TPLDAFQVWAAVMYPLLAALYPDWNEEQLLQLLRELWAKLTPEEKLPFVLLARALAL,RPMNAFMVWARIHRPALAKANPAANNAEISVQLGLEWNKLSEEQKKPYYDEAQKIKE,7JJK.pdb,7JJK.pdb,18,../../data/data_and_model/sc_eval/original_new_10_0.5_0_eval/sc_output/7JJK/18,2.271555,0.6874909,True
0,1.1428261995315552,1.1893503665924072,0.43112555146217346,0.3684210479259491,KVLNAFDVWAAEMYPLLAALFPDWNEEELLELLREIWAKLTPEEKLPYVLLALLLAL,RPMNAFMVWARIHRPALAKANPAANNAEISVQLGLEWNKLSEEQKKPYYDEAQKIKE,7JJK.pdb,7JJK.pdb,19,../../data/data_and_model/sc_eval/original_new_10_0.5_0_eval/sc_output/7JJK/19,1.2318261,0.6800438,True
0,0.6559286713600159,0.6915628910064697,0.43112555146217346,0.3684210479259491,APLDAFQVWAREMYPLLAALFPDMNDEELLELLRQLWAQLTPEQRLPYVLRALLLRL,RPMNAFMVWARIHRPALAKANPAANNAEISVQLGLEWNKLSEEQKKPYYDEAQKIKE,7JJK.pdb,7JJK.pdb,20,../../data/data_and_model/sc_eval/original_new_10_0.5_0_eval/sc_output/7JJK/20,1.7698855,0.75347435,True
0,1.164394497871399,1.270037055015564,0.43112555146217346,0.3333333432674408,KVLDAFEVWAAEMYPLLAALYPDWNEEQLEELLKKLWALLTPEQKLPYVILAKLLAL,RPMNAFMVWARIHRPALAKANPAANNAEISVQLGLEWNKLSEEQKKPYYDEAQKIKE,7JJK.pdb,7JJK.pdb,21,../../data/data_and_model/sc_eval/original_new_10_0.5_0_eval/sc_output/7JJK/21,1.8332185,0.57743204,True
0,0.7774868011474609,0.9447740316390991,0.43112555146217346,0.3684210479259491,KPLDAFEVWAAIMYPLLAALFPDWNEEQLRELLRELWAKLTPEEKLPFILLAEALKK,RPMNAFMVWARIHRPALAKANPAANNAEISVQLGLEWNKLSEEQKKPYYDEAQKIKE,7JJK.pdb,7JJK.pdb,22,../../data/data_and_model/sc_eval/original_new_10_0.5_0_eval/sc_output/7JJK/22,1.3061793,0.64188784,True
0,0.596316933631897,0.6689409017562866,0.43112555146217346,0.35087719559669495,KPLDAFQVWARLMYPLLAALFPDWNDEQLEELLKQLWALLTPEEKLPFIILAKLLKL,RPMNAFMVWARIHRPALAKANPAANNAEISVQLGLEWNKLSEEQKKPYYDEAQKIKE,7JJK.pdb,7JJK.pdb,23,../../data/data_and_model/sc_eval/original_new_10_0.5_0_eval/sc_output/7JJK/23,1.2665466,0.6154377,True
0,0.6311540603637695,0.5946381092071533,0.43112555146217346,0.31578946113586426,KVLDAFQVWAAEMYPLLAALFPDWNEEQLEELLKKLWALLTPEEKLPYILLAALLAL,RPMNAFMVWARIHRPALAKANPAANNAEISVQLGLEWNKLSEEQKKPYYDEAQKIKE,7JJK.pdb,7JJK.pdb,24,../../data/data_and_model/sc_eval/original_new_10_0.5_0_eval/sc_output/7JJK/24,1.3123995,0.64408696,True
0,1.5999135971069336,1.6849071979522705,0.43112555146217346,0.35087719559669495,AVLDAFQVWAALMRPLLAALFPDWNEEQLEELLRKLWAKLTEEEKLPFVILAELLAL,RPMNAFMVWARIHRPALAKANPAANNAEISVQLGLEWNKLSEEQKKPYYDEAQKIKE,7JJK.pdb,7JJK.pdb,25,../../data/data_and_model/sc_eval/original_new_10_0.5_0_eval/sc_output/7JJK/25,1.0496055,0.7044055,True
0,0.722188413143158,0.7633373141288757,0.43112555146217346,0.31578946113586426,RVLDAFEVWAAVMYPLLAALFPDMDDEQLLELLRRLWALLTEEEKLPFVLLAKLLAL,RPMNAFMVWARIHRPALAKANPAANNAEISVQLGLEWNKLSEEQKKPYYDEAQKIKE,7JJK.pdb,7JJK.pdb,26,../../data/data_and_model/sc_eval/original_new_10_0.5_0_eval/sc_output/7JJK/26,1.7047389,0.77805126,True
0,0.8254838585853577,0.8842401504516602,0.43112555146217346,0.35087719559669495,KVKDAFQVWAEEMYPLLAKLFPDWNEEELLELLKKIWALLTPEEKLPYILKALALAL,RPMNAFMVWARIHRPALAKANPAANNAEISVQLGLEWNKLSEEQKKPYYDEAQKIKE,7JJK.pdb,7JJK.pdb,27,../../data/data_and_model/sc_eval/original_new_10_0.5_0_eval/sc_output/7JJK/27,1.0797015,0.63084394,True
0,1.1653456687927246,1.2807484865188599,0.43112555146217346,0.31578946113586426,EVLDAFQVWAAEMRPLLAALYPDWDEEQLAELLRELWAKLTPEERLPYVLLALLLAL,RPMNAFMVWARIHRPALAKANPAANNAEISVQLGLEWNKLSEEQKKPYYDEAQKIKE,7JJK.pdb,7JJK.pdb,28,../../data/data_and_model/sc_eval/original_new_10_0.5_0_eval/sc_output/7JJK/28,1.3937417,0.64424855,True
0,0.748223066329956,0.6904408931732178,0.43112555146217346,0.35087719559669495,KVKDAFDVWAAEMYPLLAALYPDWNEEQLEQLLKELWAKLTFEEKLPYILRALLLKL,RPMNAFMVWARIHRPALAKANPAANNAEISVQLGLEWNKLSEEQKKPYYDEAQKIKE,7JJK.pdb,7JJK.pdb,29,../../data/data_and_model/sc_eval/original_new_10_0.5_0_eval/sc_output/7JJK/29,1.2815574,0.5933892,True
0,1.1174207925796509,1.2294756174087524,0.43112555146217346,0.35087719559669495,AVLDAFQVWAAEMYPLLAALFPDWNEKQLEELLKKLWAKLTPEQKLPYILLAKLLAL,RPMNAFMVWARIHRPALAKANPAANNAEISVQLGLEWNKLSEEQKKPYYDEAQKIKE,7JJK.pdb,7JJK.pdb,30,../../data/data_and_model/sc_eval/original_new_10_0.5_0_eval/sc_output/7JJK/30,1.8515593,0.63238466,True
0,1.1120907068252563,1.216454029083252,0.43112555146217346,0.3333333432674408,AVLDAFQVWAADMYPLLAALYPDWNEQQLLELLRQLWALLTPEQKLPYVVLALLLAL,RPMNAFMVWARIHRPALAKANPAANNAEISVQLGLEWNKLSEEQKKPYYDEAQKIKE,7JJK.pdb,7JJK.pdb,31,../../data/data_and_model/sc_eval/original_new_10_0.5_0_eval/sc_output/7JJK/31,2.1040208,0.70338506,True
0,1.3422715663909912,1.3008910417556763,0.4856102168560028,0.38596493005752563,KPLDAFQVWAAEMYPLLAAKYPDWNDEELLKLLKEIWAKLTPEEKLPYILLAELLKK,RPMNAFMVWARIHRPALAKANPAANNAEISVQLGLEWNKLSEEQKKPYYDEAQKIKE,7JJK.pdb,7JJK.pdb,32,../../data/data_and_model/sc_eval/original_new_10_0.5_0_eval/sc_output/7JJK/32,1.8611802,0.55423015,True
0,1.0833368301391602,1.133774995803833,0.4856102168560028,0.2982456088066101,KVLDAFDVWAAEMYPLLAALFPDWNEEQLLELLKELWAQLTPEERLPYILLAAALAL,RPMNAFMVWARIHRPALAKANPAANNAEISVQLGLEWNKLSEEQKKPYYDEAQKIKE,7JJK.pdb,7JJK.pdb,33,../../data/data_and_model/sc_eval/original_new_10_0.5_0_eval/sc_output/7JJK/33,1.4317724,0.6467966,True
0,0.7194889187812805,0.9048147797584534,0.4856102168560028,0.38596493005752563,KPLDAFQVWAREMYPLLAALFPDWNDEQLEELLRELWAKLTPEEKLPYIILAKLLKL,RPMNAFMVWARIHRPALAKANPAANNAEISVQLGLEWNKLSEEQKKPYYDEAQKIKE,7JJK.pdb,7JJK.pdb,34,../../data/data_and_model/sc_eval/original_new_10_0.5_0_eval/sc_output/7JJK/34,1.1138281,0.5709121,True
0,1.2414668798446655,1.2274479866027832,0.4856102168560028,0.2982456088066101,AVLDAFQVWAAVMYPLLAALFPDWNDEQLLELLRELWAKLTPAEKLPFVLLALLLAL,RPMNAFMVWARIHRPALAKANPAANNAEISVQLGLEWNKLSEEQKKPYYDEAQKIKE,7JJK.pdb,7JJK.pdb,35,../../data/data_and_model/sc_eval/original_new_10_0.5_0_eval/sc_output/7JJK/35,1.3958362,0.70854163,True
0,0.9580960273742676,1.0153847932815552,0.4856102168560028,0.3333333432674408,KVKDAFEVWAAEMYPLLAALFPDWNDEQLEELLKELWALLTPEEKLPYILLAEALKL,RPMNAFMVWARIHRPALAKANPAANNAEISVQLGLEWNKLSEEQKKPYYDEAQKIKE,7JJK.pdb,7JJK.pdb,36,../../data/data_and_model/sc_eval/original_new_10_0.5_0_eval/sc_output/7JJK/36,1.4544232,0.4701831,True
0,0.4977380335330963,0.5919152498245239,0.4856102168560028,0.35087719559669495,KVLDAFQVWAKDMYPLLAALFPDMNDEELLELLKKLWALLTEEEKLPYKVLALLLAL,RPMNAFMVWARIHRPALAKANPAANNAEISVQLGLEWNKLSEEQKKPYYDEAQKIKE,7JJK.pdb,7JJK.pdb,37,../../data/data_and_model/sc_eval/original_new_10_0.5_0_eval/sc_output/7JJK/37,1.6478701,0.70285815,True
0,1.3199827671051025,1.2642145156860352,0.4856102168560028,0.3333333432674408,AVLDAFQVWAAEMYPLLAALFPDWDDEQLLELLREIWAKLTEEEKLPYVLLALLLAL,RPMNAFMVWARIHRPALAKANPAANNAEISVQLGLEWNKLSEEQKKPYYDEAQKIKE,7JJK.pdb,7JJK.pdb,38,../../data/data_and_model/sc_eval/original_new_10_0.5_0_eval/sc_output/7JJK/38,1.3342116,0.7114453,True
0,0.600857675075531,0.82025545835495,0.4856102168560028,0.35087719559669495,KVLDAFQVWAADMYPLLAALFPDWNDEELLELLRRIWALLTEEEKRPYVELARLLAL,RPMNAFMVWARIHRPALAKANPAANNAEISVQLGLEWNKLSEEQKKPYYDEAQKIKE,7JJK.pdb,7JJK.pdb,39,../../data/data_and_model/sc_eval/original_new_10_0.5_0_eval/sc_output/7JJK/39,2.307044,0.6576777,True
0,0.5731565952301025,0.7034499645233154,0.4856102168560028,0.4035087823867798,KPLDAFEVWAAEMYPLLAALFPDWNDEELLKLLKELWAKLTPEQKLPYVLLALLLKL,RPMNAFMVWARIHRPALAKANPAANNAEISVQLGLEWNKLSEEQKKPYYDEAQKIKE,7JJK.pdb,7JJK.pdb,40,../../data/data_and_model/sc_eval/original_new_10_0.5_0_eval/sc_output/7JJK/40,1.5334569,0.6618889,True
0,0.6120776534080505,0.769511878490448,0.4856102168560028,0.3333333432674408,AVRDAFQVWAADMYPLLAALYPDWNDEELEELLRELWALLTPEEKLPYILRALAEAL,RPMNAFMVWARIHRPALAKANPAANNAEISVQLGLEWNKLSEEQKKPYYDEAQKIKE,7JJK.pdb,7JJK.pdb,41,../../data/data_and_model/sc_eval/original_new_10_0.5_0_eval/sc_output/7JJK/41,1.2593774,0.5910461,True
0,0.6459011435508728,0.8174172639846802,0.4856102168560028,0.3684210479259491,KPLDAFQVWAADMYPLLAALFPDWNDEQLLELLRVLWSLLTEEEKLPYVILAELLKL,RPMNAFMVWARIHRPALAKANPAANNAEISVQLGLEWNKLSEEQKKPYYDEAQKIKE,7JJK.pdb,7JJK.pdb,42,../../data/data_and_model/sc_eval/original_new_10_0.5_0_eval/sc_output/7JJK/42,1.5086015,0.5915146,True
0,1.2526280879974365,1.2759541273117065,0.4856102168560028,0.31578946113586426,AVLDAFQVWAAEMYPLLAALFPDWNEEQLAELLRRLWAQLTPEEKLPYVLLALLLAL,RPMNAFMVWARIHRPALAKANPAANNAEISVQLGLEWNKLSEEQKKPYYDEAQKIKE,7JJK.pdb,7JJK.pdb,43,../../data/data_and_model/sc_eval/original_new_10_0.5_0_eval/sc_output/7JJK/43,2.0084906,0.6903126,True
0,0.48105588555336,0.6911743879318237,0.4856102168560028,0.35087719559669495,KVLDAFQVWAKEMYPLLAKLFPDWNDEQLLELLKKLWALLTPEQKLPYVIKALLLAL,RPMNAFMVWARIHRPALAKANPAANNAEISVQLGLEWNKLSEEQKKPYYDEAQKIKE,7JJK.pdb,7JJK.pdb,44,../../data/data_and_model/sc_eval/original_new_10_0.5_0_eval/sc_output/7JJK/44,1.3041304,0.61632156,True
0,0.6103400588035583,0.6959271430969238,0.4856102168560028,0.3684210479259491,KPLDAFEVWAAVMYPVLAALYPDWNEEELEELLKEIWAKLTPEEKLPFVLLAELLKL,RPMNAFMVWARIHRPALAKANPAANNAEISVQLGLEWNKLSEEQKKPYYDEAQKIKE,7JJK.pdb,7JJK.pdb,45,../../data/data_and_model/sc_eval/original_new_10_0.5_0_eval/sc_output/7JJK/45,0.9666613,0.5311047,True
0,1.2708710432052612,1.3151553869247437,0.4856102168560028,0.3333333432674408,AVLDAFQVWAAEMYPLLAALFPDWNEEQLLELLKKLWALLTEEEKLPYVILALLLAL,RPMNAFMVWARIHRPALAKANPAANNAEISVQLGLEWNKLSEEQKKPYYDEAQKIKE,7JJK.pdb,7JJK.pdb,46,../../data/data_and_model/sc_eval/original_new_10_0.5_0_eval/sc_output/7JJK/46,1.3867624,0.70601034,True
0,1.3404791355133057,1.322284460067749,0.4856102168560028,0.3333333432674408,AVLDAFQVWAAEMYPLLAALFPDMNEEELLELLRELWALLTEEERLPYRLLAEALAL,RPMNAFMVWARIHRPALAKANPAANNAEISVQLGLEWNKLSEEQKKPYYDEAQKIKE,7JJK.pdb,7JJK.pdb,47,../../data/data_and_model/sc_eval/original_new_10_0.5_0_eval/sc_output/7JJK/47,2.1066098,0.74734664,True
0,0.6531494855880737,0.6576746702194214,0.3425246477127075,0.3684210479259491,KPLDAFEVWAAEMYPLLAALYPDWNEEQLNELLKEIWAKLTPEEKLPYIILAELLKK,RPMNAFMVWARIHRPALAKANPAANNAEISVQLGLEWNKLSEEQKKPYYDEAQKIKE,7JJK.pdb,7JJK.pdb,48,../../data/data_and_model/sc_eval/original_new_10_0.5_0_eval/sc_output/7JJK/48,0.98002726,0.48724958,True
0,0.6536868810653687,0.6513928771018982,0.3425246477127075,0.38596493005752563,KPLDAFQVWAAFMYPLLAAKYPDWNDKELEELLKELWAKLTEEEKLPFIILAELLKL,RPMNAFMVWARIHRPALAKANPAANNAEISVQLGLEWNKLSEEQKKPYYDEAQKIKE,7JJK.pdb,7JJK.pdb,49,../../data/data_and_model/sc_eval/original_new_10_0.5_0_eval/sc_output/7JJK/49,0.88244706,0.5901685,True
0,0.6769833564758301,0.7347206473350525,0.3425246477127075,0.4035087823867798,KVLDAFEVWAAIMYPLLAALYPDMNEEELRELLRELWAKLTEEEKLPYILLAEALKK,RPMNAFMVWARIHRPALAKANPAANNAEISVQLGLEWNKLSEEQKKPYYDEAQKIKE,7JJK.pdb,7JJK.pdb,50,../../data/data_and_model/sc_eval/original_new_10_0.5_0_eval/sc_output/7JJK/50,1.4686867,0.7125571,True
0,1.2612656354904175,1.2311385869979858,0.3425246477127075,0.31578946113586426,AVLDAFQVWAAEMYPLLAALFPDWDDEQLAELLRQLWALLTEEEKLPYVLLALLLAL,RPMNAFMVWARIHRPALAKANPAANNAEISVQLGLEWNKLSEEQKKPYYDEAQKIKE,7JJK.pdb,7JJK.pdb,51,../../data/data_and_model/sc_eval/original_new_10_0.5_0_eval/sc_output/7JJK/51,1.82108,0.67915446,True
0,1.0397282838821411,1.0615935325622559,0.3425246477127075,0.2982456088066101,KVLDAFQVWAAEMYPLLAALYPDWDEEQLLELLRQLWAQLTPEQRLPYVLLALLLAL,RPMNAFMVWARIHRPALAKANPAANNAEISVQLGLEWNKLSEEQKKPYYDEAQKIKE,7JJK.pdb,7JJK.pdb,52,../../data/data_and_model/sc_eval/original_new_10_0.5_0_eval/sc_output/7JJK/52,1.9131819,0.718076,True
0,1.0315074920654297,1.0361229181289673,0.3425246477127075,0.3333333432674408,KVLDAFEVWAAEMYPLLAALFPDWNDEQLLELLRELWAKLTPEEKLPYILRALLLAL,RPMNAFMVWARIHRPALAKANPAANNAEISVQLGLEWNKLSEEQKKPYYDEAQKIKE,7JJK.pdb,7JJK.pdb,53,../../data/data_and_model/sc_eval/original_new_10_0.5_0_eval/sc_output/7JJK/53,1.3802801,0.6796207,True
0,0.7020856142044067,0.7120226621627808,0.3425246477127075,0.3333333432674408,KVLDAFQVWAADMYPLLAALFPDWNEEQLKELLKKLWALLTEEEKLPYVLLAELLAK,RPMNAFMVWARIHRPALAKANPAANNAEISVQLGLEWNKLSEEQKKPYYDEAQKIKE,7JJK.pdb,7JJK.pdb,54,../../data/data_and_model/sc_eval/original_new_10_0.5_0_eval/sc_output/7JJK/54,1.8296477,0.5910148,True
0,1.144079327583313,1.114545464515686,0.3425246477127075,0.28070175647735596,AVLDAFQVWAAEMYPLLAALFPDWDEEQLLRLLRELWARLTPEERLPYVLLAAALAL,RPMNAFMVWARIHRPALAKANPAANNAEISVQLGLEWNKLSEEQKKPYYDEAQKIKE,7JJK.pdb,7JJK.pdb,55,../../data/data_and_model/sc_eval/original_new_10_0.5_0_eval/sc_output/7JJK/55,2.2765567,0.71737814,True
0,1.1685175895690918,1.1977996826171875,0.3425246477127075,0.3333333432674408,AVLDAFQVWAAEMYPLLAALYPDWNDEQLAELLRELWAKLTPEEKLPYIILAKLLAL,RPMNAFMVWARIHRPALAKANPAANNAEISVQLGLEWNKLSEEQKKPYYDEAQKIKE,7JJK.pdb,7JJK.pdb,56,../../data/data_and_model/sc_eval/original_new_10_0.5_0_eval/sc_output/7JJK/56,1.7970438,0.6080487,True
0,0.9839288592338562,0.9713203310966492,0.3425246477127075,0.35087719559669495,AVLDAFQVWAAEMYPLLAALFPDWNEKQLEELLRELWAKLTEEEKLPYVLLAAALAL,RPMNAFMVWARIHRPALAKANPAANNAEISVQLGLEWNKLSEEQKKPYYDEAQKIKE,7JJK.pdb,7JJK.pdb,57,../../data/data_and_model/sc_eval/original_new_10_0.5_0_eval/sc_output/7JJK/57,1.8702264,0.6679943,True
0,0.5154867172241211,0.5756238698959351,0.3425246477127075,0.4035087823867798,KPLDAFQVWAKIMYPILAALYPDWNEKELEELLKEIWAKLTEEEKLPFILLAELLKL,RPMNAFMVWARIHRPALAKANPAANNAEISVQLGLEWNKLSEEQKKPYYDEAQKIKE,7JJK.pdb,7JJK.pdb,58,../../data/data_and_model/sc_eval/original_new_10_0.5_0_eval/sc_output/7JJK/58,0.6651551,0.63454306,True
0,1.0761568546295166,1.056757926940918,0.3425246477127075,0.35087719559669495,KPLDAFEVLAKELYPLLAALFPDWNDEQLDELLRKLWALLTPEQKLPYILRALLLKL,RPMNAFMVWARIHRPALAKANPAANNAEISVQLGLEWNKLSEEQKKPYYDEAQKIKE,7JJK.pdb,7JJK.pdb,59,../../data/data_and_model/sc_eval/original_new_10_0.5_0_eval/sc_output/7JJK/59,-0.085076675,0.53637064,False
0,1.0133261680603027,1.0796269178390503,0.3425246477127075,0.31578946113586426,AVLDAFQVWAAEMYPLLAALFPDMNEEELLRLLRELWAKLTPAERLPYVLLALALAL,RPMNAFMVWARIHRPALAKANPAANNAEISVQLGLEWNKLSEEQKKPYYDEAQKIKE,7JJK.pdb,7JJK.pdb,60,../../data/data_and_model/sc_eval/original_new_10_0.5_0_eval/sc_output/7JJK/60,1.947173,0.7909184,True
0,0.576361358165741,0.5614140629768372,0.3425246477127075,0.31578946113586426,APLDAFQVWAAVMYPILAALFPDWNDEQLLELLRELWAKLTPEERLPFILLARLLAL,RPMNAFMVWARIHRPALAKANPAANNAEISVQLGLEWNKLSEEQKKPYYDEAQKIKE,7JJK.pdb,7JJK.pdb,61,../../data/data_and_model/sc_eval/original_new_10_0.5_0_eval/sc_output/7JJK/61,1.5071236,0.69821197,True
0,0.5830104351043701,0.5631609559059143,0.3425246477127075,0.3333333432674408,APLDAFQVWAALMYPLLAALYPDWNDEQLLELLKELWAKLTPEERLPFVLLALLLKL,RPMNAFMVWARIHRPALAKANPAANNAEISVQLGLEWNKLSEEQKKPYYDEAQKIKE,7JJK.pdb,7JJK.pdb,62,../../data/data_and_model/sc_eval/original_new_10_0.5_0_eval/sc_output/7JJK/62,1.2429243,0.6851547,True
0,0.6373344659805298,0.6384990811347961,0.3425246477127075,0.38596493005752563,KPLDAFQVWAAEMYPLLAALFPDWNDEQLLELLKELWAKLTPEQKLPYIILAELLKL,RPMNAFMVWARIHRPALAKANPAANNAEISVQLGLEWNKLSEEQKKPYYDEAQKIKE,7JJK.pdb,7JJK.pdb,63,../../data/data_and_model/sc_eval/original_new_10_0.5_0_eval/sc_output/7JJK/63,1.313595,0.58872765,True
0,0.9841827750205994,1.2536134719848633,0.6648432612419128,0.35087719559669495,KVLDAFEVWAAIMYPLLAALFPDWNEEQLRKLLEELWAKLTEEEKLPFVLLAKLLAL,RPMNAFMVWARIHRPALAKANPAANNAEISVQLGLEWNKLSEEQKKPYYDEAQKIKE,7JJK.pdb,7JJK.pdb,64,../../data/data_and_model/sc_eval/original_new_10_0.5_0_eval/sc_output/7JJK/64,1.0625535,0.706154,True
0,0.9891711473464966,1.2315884828567505,0.6648432612419128,0.3333333432674408,AVLDAFQVWAADMYPLLAALFPDWDEEELLALLRELWAKLTAEEKLPYVLLAKALAL,RPMNAFMVWARIHRPALAKANPAANNAEISVQLGLEWNKLSEEQKKPYYDEAQKIKE,7JJK.pdb,7JJK.pdb,65,../../data/data_and_model/sc_eval/original_new_10_0.5_0_eval/sc_output/7JJK/65,2.4996994,0.70420665,True
0,0.8189100623130798,1.0887377262115479,0.6648432612419128,0.38596493005752563,RPLDAFEVWARDMYPLLAALFPDWNDEQLEELLRELWAKLTPEEKLPYILLAEALRK,RPMNAFMVWARIHRPALAKANPAANNAEISVQLGLEWNKLSEEQKKPYYDEAQKIKE,7JJK.pdb,7JJK.pdb,66,../../data/data_and_model/sc_eval/original_new_10_0.5_0_eval/sc_output/7JJK/66,1.2143427,0.5762079,True
0,0.7075146436691284,0.8609601259231567,0.6648432612419128,0.3684210479259491,KPLDAFQVWAADMYPLLAALFPDWNEEQLLELLKKIWAELTEEEKLPYVLLAELLKL,RPMNAFMVWARIHRPALAKANPAANNAEISVQLGLEWNKLSEEQKKPYYDEAQKIKE,7JJK.pdb,7JJK.pdb,67,../../data/data_and_model/sc_eval/original_new_10_0.5_0_eval/sc_output/7JJK/67,1.2552073,0.60822904,True
0,1.12831711769104,1.4232312440872192,0.6648432612419128,0.35087719559669495,AVPDAFAVWAAEMRPLLAALFPDWNDEQLEELLRELWAKLTPEQRLPYVVRALLLAL,RPMNAFMVWARIHRPALAKANPAANNAEISVQLGLEWNKLSEEQKKPYYDEAQKIKE,7JJK.pdb,7JJK.pdb,68,../../data/data_and_model/sc_eval/original_new_10_0.5_0_eval/sc_output/7JJK/68,1.039936,0.6588848,True
0,1.0651450157165527,1.3053033351898193,0.6648432612419128,0.3333333432674408,KVLDAFQVWAAEMRPLLAALFPDWNEEQLEELLKRLWALLTPEEKLPYVLLAKLLAL,RPMNAFMVWARIHRPALAKANPAANNAEISVQLGLEWNKLSEEQKKPYYDEAQKIKE,7JJK.pdb,7JJK.pdb,69,../../data/data_and_model/sc_eval/original_new_10_0.5_0_eval/sc_output/7JJK/69,1.6908008,0.66378057,True
0,0.8297956585884094,0.6977314352989197,0.6648432612419128,0.35087719559669495,KVLDAFQVWAADMYPLLAALFPDWNEEELLELLRKIWALLTPEEKLPYVLLAKKLAL,RPMNAFMVWARIHRPALAKANPAANNAEISVQLGLEWNKLSEEQKKPYYDEAQKIKE,7JJK.pdb,7JJK.pdb,70,../../data/data_and_model/sc_eval/original_new_10_0.5_0_eval/sc_output/7JJK/70,2.3034487,0.6517053,True
0,1.3604507446289062,1.5527894496917725,0.6648432612419128,0.2982456088066101,KVLDAFEVWAALMRPLLAALFPDMDEEQLEELLRRLWALLTPEQRLPFELLARLLAL,RPMNAFMVWARIHRPALAKANPAANNAEISVQLGLEWNKLSEEQKKPYYDEAQKIKE,7JJK.pdb,7JJK.pdb,71,../../data/data_and_model/sc_eval/original_new_10_0.5_0_eval/sc_output/7JJK/71,1.6609738,0.78175944,True
0,0.9313912987709045,1.1501017808914185,0.6648432612419128,0.3333333432674408,AVLTAFDVWAAEMRPLLAALFPDWNEEQLEELLREIWAQLTPEEKLPYVLLAELLAR,RPMNAFMVWARIHRPALAKANPAANNAEISVQLGLEWNKLSEEQKKPYYDEAQKIKE,7JJK.pdb,7JJK.pdb,72,../../data/data_and_model/sc_eval/original_new_10_0.5_0_eval/sc_output/7JJK/72,1.4751177,0.644051,True
0,1.179322361946106,1.3802908658981323,0.6648432612419128,0.38596493005752563,KVLDAFQVFAAELYPLLAALFPDWNEKELEELLREIWAKLTPEQKLPYIELAKKLAE,RPMNAFMVWARIHRPALAKANPAANNAEISVQLGLEWNKLSEEQKKPYYDEAQKIKE,7JJK.pdb,7JJK.pdb,73,../../data/data_and_model/sc_eval/original_new_10_0.5_0_eval/sc_output/7JJK/73,1.0340207,0.5799165,True
0,1.0629761219024658,1.2232306003570557,0.6648432612419128,0.31578946113586426,KVLDAFDVWAAEMYPLLAALFPDWNEEQLLELLRKLWALLTPEEKLPYVILALLLAL,RPMNAFMVWARIHRPALAKANPAANNAEISVQLGLEWNKLSEEQKKPYYDEAQKIKE,7JJK.pdb,7JJK.pdb,74,../../data/data_and_model/sc_eval/original_new_10_0.5_0_eval/sc_output/7JJK/74,1.6587697,0.6748477,True
0,1.024071216583252,1.3495774269104004,0.6648432612419128,0.31578946113586426,KVLDAFDVWAAEMYPLLAALYPDWDEEELRELLRELWAKLTPAEKLPYVLLALLLAL,RPMNAFMVWARIHRPALAKANPAANNAEISVQLGLEWNKLSEEQKKPYYDEAQKIKE,7JJK.pdb,7JJK.pdb,75,../../data/data_and_model/sc_eval/original_new_10_0.5_0_eval/sc_output/7JJK/75,1.3309796,0.6650373,True
0,1.1479631662368774,1.3318268060684204,0.6648432612419128,0.31578946113586426,KVLDAFQVWAKEMYPLLAALFPDWNDEQLLELLKKLWALLTPEEKLPYIIKALLLAL,RPMNAFMVWARIHRPALAKANPAANNAEISVQLGLEWNKLSEEQKKPYYDEAQKIKE,7JJK.pdb,7JJK.pdb,76,../../data/data_and_model/sc_eval/original_new_10_0.5_0_eval/sc_output/7JJK/76,1.0859431,0.64265895,True
0,0.6052116751670837,0.7430554032325745,0.6648432612419128,0.38596493005752563,KPLDAFQVWAKEMYPLLAALFPDWNEKQLEELLKELWAKLTEEEKLPYIILAELLKL,RPMNAFMVWARIHRPALAKANPAANNAEISVQLGLEWNKLSEEQKKPYYDEAQKIKE,7JJK.pdb,7JJK.pdb,77,../../data/data_and_model/sc_eval/original_new_10_0.5_0_eval/sc_output/7JJK/77,0.71112794,0.5474218,True
0,1.1022064685821533,1.3479809761047363,0.6648432612419128,0.3333333432674408,KVLDAFQVWAAEMYPLLAALFPDWNEEQLEELLRQLWALLTPEQKLPYVLLALLLAL,RPMNAFMVWARIHRPALAKANPAANNAEISVQLGLEWNKLSEEQKKPYYDEAQKIKE,7JJK.pdb,7JJK.pdb,78,../../data/data_and_model/sc_eval/original_new_10_0.5_0_eval/sc_output/7JJK/78,1.7630672,0.67184114,True
0,1.0362141132354736,1.2492746114730835,0.6648432612419128,0.3333333432674408,AVLDAFQVWAADMYPLLAALFPDWNDEQLEELLRKLWALLTEEEKLPYVLLAELLAK,RPMNAFMVWARIHRPALAKANPAANNAEISVQLGLEWNKLSEEQKKPYYDEAQKIKE,7JJK.pdb,7JJK.pdb,79,../../data/data_and_model/sc_eval/original_new_10_0.5_0_eval/sc_output/7JJK/79,1.8665622,0.590927,True
0,1.0842070579528809,1.2626210451126099,0.4539879262447357,0.38596493005752563,KVLDAFDVWAAIMYPLLAAKYPDWNEEELLELLKELWAKLTEEEKLPFIILAELLKK,RPMNAFMVWARIHRPALAKANPAANNAEISVQLGLEWNKLSEEQKKPYYDEAQKIKE,7JJK.pdb,7JJK.pdb,80,../../data/data_and_model/sc_eval/original_new_10_0.5_0_eval/sc_output/7JJK/80,0.85241264,0.6252818,True
0,0.9901632070541382,1.0972810983657837,0.4539879262447357,0.3333333432674408,KVLDAFDVWAAVMYPLLAALFPDMNEEELAELLRELWAKLTPEEKLPFVLLAELLAL,RPMNAFMVWARIHRPALAKANPAANNAEISVQLGLEWNKLSEEQKKPYYDEAQKIKE,7JJK.pdb,7JJK.pdb,81,../../data/data_and_model/sc_eval/original_new_10_0.5_0_eval/sc_output/7JJK/81,1.2971349,0.7183933,True
0,0.7219201326370239,0.6623470783233643,0.4539879262447357,0.3684210479259491,VPLDAFQVWAALMYPLLAALYPDWNEEELEELLRELWAKLTPEEKLPFILLAELLKL,RPMNAFMVWARIHRPALAKANPAANNAEISVQLGLEWNKLSEEQKKPYYDEAQKIKE,7JJK.pdb,7JJK.pdb,82,../../data/data_and_model/sc_eval/original_new_10_0.5_0_eval/sc_output/7JJK/82,0.9210556,0.65344936,True
0,1.2699443101882935,1.3111995458602905,0.4539879262447357,0.35087719559669495,AVLDAFQVWAAEMYPLLAALFPDWNEEELEALLRQLWALLTPEQKLPYVVLAALLAL,RPMNAFMVWARIHRPALAKANPAANNAEISVQLGLEWNKLSEEQKKPYYDEAQKIKE,7JJK.pdb,7JJK.pdb,83,../../data/data_and_model/sc_eval/original_new_10_0.5_0_eval/sc_output/7JJK/83,2.1917858,0.684038,True
0,1.4221605062484741,1.3160334825515747,0.4539879262447357,0.3684210479259491,KVLDAFEVWAAEMYPLLAALFPDWNEEQLLELLKELWAKLTEEQKLPYVLLARLLAL,RPMNAFMVWARIHRPALAKANPAANNAEISVQLGLEWNKLSEEQKKPYYDEAQKIKE,7JJK.pdb,7JJK.pdb,84,../../data/data_and_model/sc_eval/original_new_10_0.5_0_eval/sc_output/7JJK/84,1.7447895,0.672486,True
0,0.41656070947647095,0.5060843229293823,0.4539879262447357,0.3684210479259491,KPLDAFEVWAAEMYPILAALFPDWNEEQLLQLLKELWAKLTPEEKLPYILLAEALKL,RPMNAFMVWARIHRPALAKANPAANNAEISVQLGLEWNKLSEEQKKPYYDEAQKIKE,7JJK.pdb,7JJK.pdb,85,../../data/data_and_model/sc_eval/original_new_10_0.5_0_eval/sc_output/7JJK/85,1.749433,0.61812127,True
0,1.1487900018692017,1.2434993982315063,0.4539879262447357,0.31578946113586426,AVKDAFEVWAAEMYPLLAALFPDWNDEQLEELLRRLWALLTEAEKLPYVLRALLLAL,RPMNAFMVWARIHRPALAKANPAANNAEISVQLGLEWNKLSEEQKKPYYDEAQKIKE,7JJK.pdb,7JJK.pdb,86,../../data/data_and_model/sc_eval/original_new_10_0.5_0_eval/sc_output/7JJK/86,1.7811096,0.6564467,True
0,1.103787899017334,1.309301733970642,0.4539879262447357,0.38596493005752563,KPLDAFQVWAAEMYPLLAALFPDMNEEELLELLKELWAKLTPEEKLPYVLLAELLKL,RPMNAFMVWARIHRPALAKANPAANNAEISVQLGLEWNKLSEEQKKPYYDEAQKIKE,7JJK.pdb,7JJK.pdb,87,../../data/data_and_model/sc_eval/original_new_10_0.5_0_eval/sc_output/7JJK/87,1.4061421,0.6803546,True
0,0.7042431831359863,0.8295024037361145,0.4539879262447357,0.38596493005752563,VPLDAFQVFAKDMYPLLAALFPDMNEKELEELLKKIWAELTEEEKLPYYILAYLLKL,RPMNAFMVWARIHRPALAKANPAANNAEISVQLGLEWNKLSEEQKKPYYDEAQKIKE,7JJK.pdb,7JJK.pdb,88,../../data/data_and_model/sc_eval/original_new_10_0.5_0_eval/sc_output/7JJK/88,0.8731633,0.6716381,True
0,1.0774242877960205,1.1549427509307861,0.4539879262447357,0.31578946113586426,AVLNAFDVWAAEMYPLLAALYPDWDDAQLAELLRELWAQLTPEERLPYVLRALALAL,RPMNAFMVWARIHRPALAKANPAANNAEISVQLGLEWNKLSEEQKKPYYDEAQKIKE,7JJK.pdb,7JJK.pdb,89,../../data/data_and_model/sc_eval/original_new_10_0.5_0_eval/sc_output/7JJK/89,1.8038875,0.6303788,True
0,0.8246861100196838,0.8514767289161682,0.4539879262447357,0.3684210479259491,KVKDAFEVFAEEMYPLLAKLFPDWNEKELEELLKKIWALLTEEEKLPYIILAELLKL,RPMNAFMVWARIHRPALAKANPAANNAEISVQLGLEWNKLSEEQKKPYYDEAQKIKE,7JJK.pdb,7JJK.pdb,90,../../data/data_and_model/sc_eval/original_new_10_0.5_0_eval/sc_output/7JJK/90,0.4395458,0.5323213,True
0,1.2133666276931763,1.272460699081421,0.4539879262447357,0.31578946113586426,AVLDAFQVWAAEMYPLLAALFPDWDEEQLAELLRELWALLTEEEKLPYVLLALLLAL,RPMNAFMVWARIHRPALAKANPAANNAEISVQLGLEWNKLSEEQKKPYYDEAQKIKE,7JJK.pdb,7JJK.pdb,91,../../data/data_and_model/sc_eval/original_new_10_0.5_0_eval/sc_output/7JJK/91,1.5962348,0.68681246,True
0,1.008542776107788,1.1006345748901367,0.4539879262447357,0.3333333432674408,KPLDAFQVWAADMYPLLAALFPDWNDEQLLELLRELWAKLTPEERLPYVLLALLLRL,RPMNAFMVWARIHRPALAKANPAANNAEISVQLGLEWNKLSEEQKKPYYDEAQKIKE,7JJK.pdb,7JJK.pdb,92,../../data/data_and_model/sc_eval/original_new_10_0.5_0_eval/sc_output/7JJK/92,1.3864275,0.6593706,True
0,1.2894619703292847,1.2313936948776245,0.4539879262447357,0.35087719559669495,KVLDAFEVWAKEMYPLLKALFPDWNDEELLELLKELWAKLTEEEKLPYILLAKLLAL,RPMNAFMVWARIHRPALAKANPAANNAEISVQLGLEWNKLSEEQKKPYYDEAQKIKE,7JJK.pdb,7JJK.pdb,93,../../data/data_and_model/sc_eval/original_new_10_0.5_0_eval/sc_output/7JJK/93,0.7639572,0.65307283,True
0,0.561173677444458,0.6685764789581299,0.4539879262447357,0.38596493005752563,KPLDAFQVWAKIMYPLLAALFPDWNEEQLLELLKELWAKLTEEEKLPFVILAELLKK,RPMNAFMVWARIHRPALAKANPAANNAEISVQLGLEWNKLSEEQKKPYYDEAQKIKE,7JJK.pdb,7JJK.pdb,94,../../data/data_and_model/sc_eval/original_new_10_0.5_0_eval/sc_output/7JJK/94,0.8847393,0.6224872,True
0,0.5832831263542175,0.5946010947227478,0.4539879262447357,0.3684210479259491,KPLDAFQVWAALMYPLLAALFPDWNDEELEELLRVLWSLLTEEEKLPFVLLAELLKL,RPMNAFMVWARIHRPALAKANPAANNAEISVQLGLEWNKLSEEQKKPYYDEAQKIKE,7JJK.pdb,7JJK.pdb,95,../../data/data_and_model/sc_eval/original_new_10_0.5_0_eval/sc_output/7JJK/95,1.0934894,0.6242578,True
0,0.778018057346344,0.9346181750297546,0.622559130191803,0.38596493005752563,KVLNAFEVWKKEMYPILAALFPDMNEEELEELLKEIWAKLTEEEKLPYIILALLLKL,RPMNAFMVWARIHRPALAKANPAANNAEISVQLGLEWNKLSEEQKKPYYDEAQKIKE,7JJK.pdb,7JJK.pdb,96,../../data/data_and_model/sc_eval/original_new_10_0.5_0_eval/sc_output/7JJK/96,0.3367105,0.6498306,True
0,0.822632908821106,0.6383012533187866,0.622559130191803,0.4035087823867798,RPLDAFEVWAADMYPLLAALFPDWNEEQLLELLRELWAKLTPEQKLPYILLAELLKL,RPMNAFMVWARIHRPALAKANPAANNAEISVQLGLEWNKLSEEQKKPYYDEAQKIKE,7JJK.pdb,7JJK.pdb,97,../../data/data_and_model/sc_eval/original_new_10_0.5_0_eval/sc_output/7JJK/97,1.2419792,0.64830625,True
0,0.7854419946670532,0.5748754143714905,0.622559130191803,0.3684210479259491,KVLDAFEVWAAEMYPILAALFPDMNDEELLELLKKLWAKLTPEEKLPYILLALLLKL,RPMNAFMVWARIHRPALAKANPAANNAEISVQLGLEWNKLSEEQKKPYYDEAQKIKE,7JJK.pdb,7JJK.pdb,98,../../data/data_and_model/sc_eval/original_new_10_0.5_0_eval/sc_output/7JJK/98,1.1888576,0.7226864,True
0,0.933702290058136,0.9057536721229553,0.622559130191803,0.35087719559669495,KVLDAFDVWAADMYPLLAALYPDWNDEQLLELLKKLWAELTEEEKLPYILLAEKLAK,RPMNAFMVWARIHRPALAKANPAANNAEISVQLGLEWNKLSEEQKKPYYDEAQKIKE,7JJK.pdb,7JJK.pdb,99,../../data/data_and_model/sc_eval/original_new_10_0.5_0_eval/sc_output/7JJK/99,1.8246706,0.4980791,True
0,1.0895061492919922,1.2844783067703247,0.622559130191803,0.3333333432674408,KVLDAFQVWAALMRPLLAALFPDWNEQQLEELLKELWAKLTPEEKLPFVLLALLLAL,RPMNAFMVWARIHRPALAKANPAANNAEISVQLGLEWNKLSEEQKKPYYDEAQKIKE,7JJK.pdb,7JJK.pdb,100,../../data/data_and_model/sc_eval/original_new_10_0.5_0_eval/sc_output/7JJK/100,0.8251815,0.7067492,True
0,0.811350405216217,0.6840227842330933,0.622559130191803,0.3684210479259491,KPLDAFEVWAADMYPLLAALFPDWNEQQLLELLKKLWALLTEEEKLPYIILAELLKL,RPMNAFMVWARIHRPALAKANPAANNAEISVQLGLEWNKLSEEQKKPYYDEAQKIKE,7JJK.pdb,7JJK.pdb,101,../../data/data_and_model/sc_eval/original_new_10_0.5_0_eval/sc_output/7JJK/101,1.2204651,0.6349337,True
0,0.8277240991592407,0.7413907051086426,0.622559130191803,0.3684210479259491,APLDAFEVWALLMRPLLAALFPDWNEEQLAELLRRLWAELTEEQKLPFRVLAELLRL,RPMNAFMVWARIHRPALAKANPAANNAEISVQLGLEWNKLSEEQKKPYYDEAQKIKE,7JJK.pdb,7JJK.pdb,102,../../data/data_and_model/sc_eval/original_new_10_0.5_0_eval/sc_output/7JJK/102,1.5963652,0.6878358,True
0,1.0796303749084473,1.1946583986282349,0.622559130191803,0.3684210479259491,APLDAFQVFAAELYPLLAALFPDWNDEELLELLREIWAKLTPEEKLPYILLALLLKL,RPMNAFMVWARIHRPALAKANPAANNAEISVQLGLEWNKLSEEQKKPYYDEAQKIKE,7JJK.pdb,7JJK.pdb,103,../../data/data_and_model/sc_eval/original_new_10_0.5_0_eval/sc_output/7JJK/103,0.8155145,0.69568723,True
0,1.261199712753296,1.2994290590286255,0.622559130191803,0.3333333432674408,AVLDAFQVWAAEMYPLLAALYPDWNEEQLLELLKKLWAELTEEEKLPYKILAALLAL,RPMNAFMVWARIHRPALAKANPAANNAEISVQLGLEWNKLSEEQKKPYYDEAQKIKE,7JJK.pdb,7JJK.pdb,104,../../data/data_and_model/sc_eval/original_new_10_0.5_0_eval/sc_output/7JJK/104,2.0539935,0.6605214,True
0,1.0871855020523071,1.279355525970459,0.622559130191803,0.28070175647735596,KVLDAFQVWAAEMYPLLAALFPDLDEQQLEELLRRLWALLTPEERLPYVLLALLLAL,RPMNAFMVWARIHRPALAKANPAANNAEISVQLGLEWNKLSEEQKKPYYDEAQKIKE,7JJK.pdb,7JJK.pdb,105,../../data/data_and_model/sc_eval/original_new_10_0.5_0_eval/sc_output/7JJK/105,1.5604495,0.7866343,True
0,0.763582170009613,0.5891789793968201,0.622559130191803,0.3333333432674408,KVLDAFQVWAAEMYPLLAALFPDWNEEQLLELLRQLWALLTPEQKQPYVELARLLAL,RPMNAFMVWARIHRPALAKANPAANNAEISVQLGLEWNKLSEEQKKPYYDEAQKIKE,7JJK.pdb,7JJK.pdb,106,../../data/data_and_model/sc_eval/original_new_10_0.5_0_eval/sc_output/7JJK/106,2.6129675,0.64885616,True
0,0.7406405806541443,0.5905542969703674,0.622559130191803,0.35087719559669495,AVLDAFQVWAAEMYPLLAALFPDWNEEELLELLKVLWALLTPEQKQPYVELARLLAL,RPMNAFMVWARIHRPALAKANPAANNAEISVQLGLEWNKLSEEQKKPYYDEAQKIKE,7JJK.pdb,7JJK.pdb,107,../../data/data_and_model/sc_eval/original_new_10_0.5_0_eval/sc_output/7JJK/107,2.5504804,0.6581735,True
0,0.8532169461250305,0.634294867515564,0.622559130191803,0.38596493005752563,KPLDAFQVWAAVMYPLLAALYPDWNDEELEKLLRELWAKLTEEEKLPFILLAELLKL,RPMNAFMVWARIHRPALAKANPAANNAEISVQLGLEWNKLSEEQKKPYYDEAQKIKE,7JJK.pdb,7JJK.pdb,108,../../data/data_and_model/sc_eval/original_new_10_0.5_0_eval/sc_output/7JJK/108,0.9524985,0.61617655,True
0,1.0906258821487427,1.2758398056030273,0.622559130191803,0.35087719559669495,KVLDAFEVWAAEMYPLLAALFPDMNEKELLELLRKLWALLTEEEKLPYRLLAALLAL,RPMNAFMVWARIHRPALAKANPAANNAEISVQLGLEWNKLSEEQKKPYYDEAQKIKE,7JJK.pdb,7JJK.pdb,109,../../data/data_and_model/sc_eval/original_new_10_0.5_0_eval/sc_output/7JJK/109,2.2035801,0.7495929,True
0,0.7133196592330933,0.794641375541687,0.622559130191803,0.35087719559669495,AVLDAFQVWAKEMYPLLAALFPDWNEKELEELLKKLWALLTPEEKLPYIIRALLLKL,RPMNAFMVWARIHRPALAKANPAANNAEISVQLGLEWNKLSEEQKKPYYDEAQKIKE,7JJK.pdb,7JJK.pdb,110,../../data/data_and_model/sc_eval/original_new_10_0.5_0_eval/sc_output/7JJK/110,0.82664186,0.6732832,True
0,0.9193307161331177,0.736871063709259,0.622559130191803,0.3333333432674408,APLDAFQVWAAEMYPLLAALYPDWDEEQLERLLRELWALLTEEEKLPYRLLAALLAL,RPMNAFMVWARIHRPALAKANPAANNAEISVQLGLEWNKLSEEQKKPYYDEAQKIKE,7JJK.pdb,7JJK.pdb,111,../../data/data_and_model/sc_eval/original_new_10_0.5_0_eval/sc_output/7JJK/111,2.2638235,0.6425541,True
0,0.7880152463912964,0.6864916086196899,0.6731942296028137,0.3684210479259491,KPLDAFQVWAADMYPLLAALYPDWNEEQLEELLKELWAKLTPEEKLPYILLAELLKL,RPMNAFMVWARIHRPALAKANPAANNAEISVQLGLEWNKLSEEQKKPYYDEAQKIKE,7JJK.pdb,7JJK.pdb,112,../../data/data_and_model/sc_eval/original_new_10_0.5_0_eval/sc_output/7JJK/112,1.1062285,0.51408213,True
0,0.9380969405174255,0.763663113117218,0.6731942296028137,0.35087719559669495,KPLDAFEVWAAVMYPLLAALFPDWNEEQLMELLKKIWALLTEEEKLPFVLLAEALKK,RPMNAFMVWARIHRPALAKANPAANNAEISVQLGLEWNKLSEEQKKPYYDEAQKIKE,7JJK.pdb,7JJK.pdb,113,../../data/data_and_model/sc_eval/original_new_10_0.5_0_eval/sc_output/7JJK/113,1.6271261,0.6497611,True
0,1.1595005989074707,1.1925936937332153,0.6731942296028137,0.3684210479259491,KVLDAFEVWAAEMYPLLAALFPDWNEEELLELLKKLWAKLTEEEKLPYIILAKLLAL,RPMNAFMVWARIHRPALAKANPAANNAEISVQLGLEWNKLSEEQKKPYYDEAQKIKE,7JJK.pdb,7JJK.pdb,114,../../data/data_and_model/sc_eval/original_new_10_0.5_0_eval/sc_output/7JJK/114,1.3509203,0.6571923,True
0,1.1501719951629639,1.2215601205825806,0.6731942296028137,0.35087719559669495,KVLDAFQVWAAEMYPLLAALFPDWNDEELEELLRKLWAELTPEQKLPYILLALLLAL,RPMNAFMVWARIHRPALAKANPAANNAEISVQLGLEWNKLSEEQKKPYYDEAQKIKE,7JJK.pdb,7JJK.pdb,115,../../data/data_and_model/sc_eval/original_new_10_0.5_0_eval/sc_output/7JJK/115,1.0653851,0.64682484,True
0,1.1600570678710938,1.1850135326385498,0.6731942296028137,0.35087719559669495,KVLDAFQVWAAEMYPVLAALFPDWNDEELEELLRKLWAKLTEAEKLPYVLRALLLAL,RPMNAFMVWARIHRPALAKANPAANNAEISVQLGLEWNKLSEEQKKPYYDEAQKIKE,7JJK.pdb,7JJK.pdb,116,../../data/data_and_model/sc_eval/original_new_10_0.5_0_eval/sc_output/7JJK/116,1.7302014,0.6526806,True
0,0.6262660622596741,0.5849664211273193,0.6731942296028137,0.35087719559669495,VPLDAFQVWAAEMYPLLAALFPDWNEEQLLELLRQLWAQLTEAEKLPYVLLALLLKL,RPMNAFMVWARIHRPALAKANPAANNAEISVQLGLEWNKLSEEQKKPYYDEAQKIKE,7JJK.pdb,7JJK.pdb,117,../../data/data_and_model/sc_eval/original_new_10_0.5_0_eval/sc_output/7JJK/117,1.7577037,0.7196101,True
0,1.2218077182769775,1.3219728469848633,0.6731942296028137,0.35087719559669495,KVLDAFEVWAAEMYPLLAALFPDWNDEQLEELLKELWAKLTPEQKLPYVILAKLLAL,RPMNAFMVWARIHRPALAKANPAANNAEISVQLGLEWNKLSEEQKKPYYDEAQKIKE,7JJK.pdb,7JJK.pdb,118,../../data/data_and_model/sc_eval/original_new_10_0.5_0_eval/sc_output/7JJK/118,1.6290287,0.5190283,True
0,1.164025902748108,1.32335364818573,0.6731942296028137,0.3684210479259491,KPLDAFEVWKAIMYPILAALFPDWNEEQLEKLLKELWAKLTEEEKLPFIILAELLKL,RPMNAFMVWARIHRPALAKANPAANNAEISVQLGLEWNKLSEEQKKPYYDEAQKIKE,7JJK.pdb,7JJK.pdb,119,../../data/data_and_model/sc_eval/original_new_10_0.5_0_eval/sc_output/7JJK/119,0.5608249,0.6059419,True
0,0.8677495121955872,0.6437864899635315,0.6731942296028137,0.3333333432674408,KVLDAFQVWAADMYPLLAALFPDWDEKQLEELLRKLWAKLTPEQKLPYIILAALLAL,RPMNAFMVWARIHRPALAKANPAANNAEISVQLGLEWNKLSEEQKKPYYDEAQKIKE,7JJK.pdb,7JJK.pdb,120,../../data/data_and_model/sc_eval/original_new_10_0.5_0_eval/sc_output/7JJK/120,1.4560862,0.66890806,True
0,1.0761737823486328,1.0898070335388184,0.6731942296028137,0.24561403691768646,AVLDAFQVWAALMYPLLAALFPDWDDEQLLELLRELWAQLTPAERLPFVLLALLLAL,RPMNAFMVWARIHRPALAKANPAANNAEISVQLGLEWNKLSEEQKKPYYDEAQKIKE,7JJK.pdb,7JJK.pdb,121,../../data/data_and_model/sc_eval/original_new_10_0.5_0_eval/sc_output/7JJK/121,1.5225935,0.732884,True
0,0.6120901107788086,0.5758492350578308,0.6731942296028137,0.35087719559669495,KPLDAFQVWALFMYPILAALFPDWNEEQLLELLKKLWAELTEEEKLPFVLLALLLKL,RPMNAFMVWARIHRPALAKANPAANNAEISVQLGLEWNKLSEEQKKPYYDEAQKIKE,7JJK.pdb,7JJK.pdb,122,../../data/data_and_model/sc_eval/original_new_10_0.5_0_eval/sc_output/7JJK/122,0.9829777,0.7059446,True
0,0.9664037227630615,0.8171820640563965,0.6731942296028137,0.4035087823867798,KPLDAFEVWAADMYPLLAALYPDWNDEQLSQLLKELWAKLTEEEKLPYRILAELLKL,RPMNAFMVWARIHRPALAKANPAANNAEISVQLGLEWNKLSEEQKKPYYDEAQKIKE,7JJK.pdb,7JJK.pdb,123,../../data/data_and_model/sc_eval/original_new_10_0.5_0_eval/sc_output/7JJK/123,1.8535396,0.48380092,True
0,1.164231300354004,1.274573564529419,0.6731942296028137,0.3684210479259491,KVLDAFEVWAKDMYPLLAKLFPDWNEKELEELLKKLWALLTPEQKLPYVILAKLLAL,RPMNAFMVWARIHRPALAKANPAANNAEISVQLGLEWNKLSEEQKKPYYDEAQKIKE,7JJK.pdb,7JJK.pdb,124,../../data/data_and_model/sc_eval/original_new_10_0.5_0_eval/sc_output/7JJK/124,1.2723802,0.59353215,True
0,0.9152508974075317,1.0267494916915894,0.6731942296028137,0.3684210479259491,KVLNAFDVFAKEMYPLLAALYPDMNEEELLELLKEIWAKLTPEQKLPYILLALALAK,RPMNAFMVWARIHRPALAKANPAANNAEISVQLGLEWNKLSEEQKKPYYDEAQKIKE,7JJK.pdb,7JJK.pdb,125,../../data/data_and_model/sc_eval/original_new_10_0.5_0_eval/sc_output/7JJK/125,1.4143026,0.6726482,True
0,0.6824705600738525,0.6612219214439392,0.6731942296028137,0.3684210479259491,KVLDAFQVWAAEMYPLLAALFPDWNEEELLELLKELWAKLTEEEKLPYVLLAKLLAL,RPMNAFMVWARIHRPALAKANPAANNAEISVQLGLEWNKLSEEQKKPYYDEAQKIKE,7JJK.pdb,7JJK.pdb,126,../../data/data_and_model/sc_eval/original_new_10_0.5_0_eval/sc_output/7JJK/126,1.5778685,0.6658975,True
0,0.6982329487800598,0.45854663848876953,0.6731942296028137,0.3684210479259491,KPLDAFQVWAKEMYPLLAALFPDWNDEELLELLKKLWALLTPEEKLPYIILAELLKK,RPMNAFMVWARIHRPALAKANPAANNAEISVQLGLEWNKLSEEQKKPYYDEAQKIKE,7JJK.pdb,7JJK.pdb,127,../../data/data_and_model/sc_eval/original_new_10_0.5_0_eval/sc_output/7JJK/127,1.1293623,0.5906533,True
