Unnamed: 0,gen_true_bb_rmsd,gen_foldtrue_bb_rmsd,foldtrue_true_bb_rmsd,seq_recovery,seq,true_seq,protein_name,WT_name,num,pdbpath,rewards_eval,rewards,success,loglikelihood
0,1.5845417976379397,1.7942769527435305,0.534640908241272,0.3333333432674408,AVLDAFEVWAKVLYPLLAALFPDLNEEELRRLLAELWAKLTPEQRLPFVLLALALAL,RPMNAFMVWARIHRPALAKANPAANNAEISVQLGLEWNKLSEEQKKPYYDEAQKIKE,7JJK.pdb,7JJK.pdb,0,../../data/data_and_model/sc_eval/original_new_10_0.5_0_eval/sc_output/7JJK/0,1.05216,0.8114702,True,-147.201416015625
0,0.5972313284873962,0.8060168623924255,0.534640908241272,0.2982456088066101,AVLDAFQVFAAVLRPLLAALFPDLNEEQLAELLRRIWALLTEEERLPFVLLARLLAL,RPMNAFMVWARIHRPALAKANPAANNAEISVQLGLEWNKLSEEQKKPYYDEAQKIKE,7JJK.pdb,7JJK.pdb,1,../../data/data_and_model/sc_eval/original_new_10_0.5_0_eval/sc_output/7JJK/1,1.4147795,0.80854666,True,-142.9439697265625
0,1.5136383771896362,1.7003045082092283,0.534640908241272,0.3157894611358642,SVLDAFEVWAAVLRPLLAALFPDLDEAQLEELLRRLWALLTPEQRLPFVLLALLLAL,RPMNAFMVWARIHRPALAKANPAANNAEISVQLGLEWNKLSEEQKKPYYDEAQKIKE,7JJK.pdb,7JJK.pdb,2,../../data/data_and_model/sc_eval/original_new_10_0.5_0_eval/sc_output/7JJK/2,1.0228608,0.8251221,True,-144.7295379638672
0,0.4717028439044952,0.5369231700897217,0.534640908241272,0.2982456088066101,AVLDAFQVWAALMYPLLAALFPELNEEQLLELLRKIWALLTEAEKLPFVLLALLLAL,RPMNAFMVWARIHRPALAKANPAANNAEISVQLGLEWNKLSEEQKKPYYDEAQKIKE,7JJK.pdb,7JJK.pdb,3,../../data/data_and_model/sc_eval/original_new_10_0.5_0_eval/sc_output/7JJK/3,1.1648998,0.81695676,True,-150.35435485839844
0,1.1963402032852173,1.3662704229354858,0.534640908241272,0.3157894611358642,AVLDAFQVWAALMRPLLAALFPDLNEEELERLLRILWSLLTPAERLPYVLLALLLAL,RPMNAFMVWARIHRPALAKANPAANNAEISVQLGLEWNKLSEEQKKPYYDEAQKIKE,7JJK.pdb,7JJK.pdb,4,../../data/data_and_model/sc_eval/original_new_10_0.5_0_eval/sc_output/7JJK/4,1.4137955,0.82267654,True,-147.22329711914062
0,1.244456768035889,1.4437566995620728,0.534640908241272,0.2631579041481018,AVLDAFQVWAALLRPLLAALFPDLDEEQLERLLRELWAALTPAERLPFVLLALLLAL,RPMNAFMVWARIHRPALAKANPAANNAEISVQLGLEWNKLSEEQKKPYYDEAQKIKE,7JJK.pdb,7JJK.pdb,5,../../data/data_and_model/sc_eval/original_new_10_0.5_0_eval/sc_output/7JJK/5,0.962097,0.8303647,True,-137.42376708984375
0,0.5983227491378784,0.6120970249176025,0.534640908241272,0.2807017564773559,AVLDAFQVWALFMYPLLAALFPDWNEEQLLELLRQLWAQLTLAEKLPFILLALLLAL,RPMNAFMVWARIHRPALAKANPAANNAEISVQLGLEWNKLSEEQKKPYYDEAQKIKE,7JJK.pdb,7JJK.pdb,6,../../data/data_and_model/sc_eval/original_new_10_0.5_0_eval/sc_output/7JJK/6,1.3812029,0.77087164,True,-153.46307373046875
0,1.5289818048477173,1.4711928367614746,0.534640908241272,0.2807017564773559,AVLDAFQVWAAFMYPLLAALFPDLDEEQLLELLRRLWALLTPEERLPYVLLALLLAL,RPMNAFMVWARIHRPALAKANPAANNAEISVQLGLEWNKLSEEQKKPYYDEAQKIKE,7JJK.pdb,7JJK.pdb,7,../../data/data_and_model/sc_eval/original_new_10_0.5_0_eval/sc_output/7JJK/7,1.7056407,0.82654154,True,-150.30007934570312
0,1.391515612602234,1.5834347009658811,0.534640908241272,0.2982456088066101,AVLDAFQVWAALMRPLLAALFPDLDEEELERLLRELWALLTPEERLPFVLLALLLAL,RPMNAFMVWARIHRPALAKANPAANNAEISVQLGLEWNKLSEEQKKPYYDEAQKIKE,7JJK.pdb,7JJK.pdb,8,../../data/data_and_model/sc_eval/original_new_10_0.5_0_eval/sc_output/7JJK/8,1.1061671,0.814806,True,-140.71942138671875
0,1.4351943731307983,1.4514799118041992,0.534640908241272,0.2807017564773559,AVLDAFQVWAALLYPLLAALFPDLDEEQLAELLRRLWALLTEEERLPFVLLALLLAL,RPMNAFMVWARIHRPALAKANPAANNAEISVQLGLEWNKLSEEQKKPYYDEAQKIKE,7JJK.pdb,7JJK.pdb,9,../../data/data_and_model/sc_eval/original_new_10_0.5_0_eval/sc_output/7JJK/9,1.3711437,0.8261612,True,-144.14537048339844
0,0.5708696842193604,0.8105863928794861,0.534640908241272,0.3157894611358642,AVLDAFQVWALLMYPLLAALFPDLNEEQLLELLRKLWALLTEEEKLPFVLLARLLAL,RPMNAFMVWARIHRPALAKANPAANNAEISVQLGLEWNKLSEEQKKPYYDEAQKIKE,7JJK.pdb,7JJK.pdb,10,../../data/data_and_model/sc_eval/original_new_10_0.5_0_eval/sc_output/7JJK/10,1.4510297,0.8076378,True,-150.69554138183594
0,1.1721230745315552,1.0978407859802246,0.534640908241272,0.2982456088066101,AVLTAFDVWAALMYPLLAALFPDLNEEELLRLLRELWALLTPEERLPFILLAALLAL,RPMNAFMVWARIHRPALAKANPAANNAEISVQLGLEWNKLSEEQKKPYYDEAQKIKE,7JJK.pdb,7JJK.pdb,11,../../data/data_and_model/sc_eval/original_new_10_0.5_0_eval/sc_output/7JJK/11,1.3156625,0.8183948,True,-148.342041015625
0,1.189053297042847,1.4361449480056765,0.534640908241272,0.3157894611358642,AVLDAFQVWAAFLRPLLAALFPDLNEQELEELLRLLWALLTPAERLPFVLLALLLAL,RPMNAFMVWARIHRPALAKANPAANNAEISVQLGLEWNKLSEEQKKPYYDEAQKIKE,7JJK.pdb,7JJK.pdb,12,../../data/data_and_model/sc_eval/original_new_10_0.5_0_eval/sc_output/7JJK/12,1.1228145,0.8444551,True,-143.7853240966797
0,1.1310895681381226,0.9425138831138612,0.534640908241272,0.2807017564773559,AVLDAFQVLAAFLRPLLAALFPDLNEEQLEELLRKLWALLTPAEKLPFVLLAALLAL,RPMNAFMVWARIHRPALAKANPAANNAEISVQLGLEWNKLSEEQKKPYYDEAQKIKE,7JJK.pdb,7JJK.pdb,13,../../data/data_and_model/sc_eval/original_new_10_0.5_0_eval/sc_output/7JJK/13,0.08076833,0.81537557,True,-144.5523223876953
0,0.770847499370575,1.0719155073165894,0.534640908241272,0.2631579041481018,KVLDAFQVWAAVLRPLLAALFPDLDDEQLDELLRRLWALLTPAERLPFVLLALLLAL,RPMNAFMVWARIHRPALAKANPAANNAEISVQLGLEWNKLSEEQKKPYYDEAQKIKE,7JJK.pdb,7JJK.pdb,14,../../data/data_and_model/sc_eval/original_new_10_0.5_0_eval/sc_output/7JJK/14,1.182853,0.8172768,True,-140.2961883544922
0,1.339910864830017,1.4607642889022827,0.534640908241272,0.2631579041481018,AVLDAFQVWAALLYPLLAALFPDLNAEQLEALLRQLWAQLTPAERLPFVLLALLLAL,RPMNAFMVWARIHRPALAKANPAANNAEISVQLGLEWNKLSEEQKKPYYDEAQKIKE,7JJK.pdb,7JJK.pdb,15,../../data/data_and_model/sc_eval/original_new_10_0.5_0_eval/sc_output/7JJK/15,1.4480283,0.8312479,True,-141.95867919921875
0,0.790030300617218,0.9752354621887208,0.5091938972473145,0.2631579041481018,AVLDAFQVWAAFLRPLLAALFPDLDEEQLAELLRRLWALLTPAERLPFILLALLLAL,RPMNAFMVWARIHRPALAKANPAANNAEISVQLGLEWNKLSEEQKKPYYDEAQKIKE,7JJK.pdb,7JJK.pdb,16,../../data/data_and_model/sc_eval/original_new_10_0.5_0_eval/sc_output/7JJK/16,1.3568206,0.83812654,True,-140.64181518554688
0,1.0832613706588743,1.168919563293457,0.5091938972473145,0.2982456088066101,AVLDAFDVWAALLYPLLAALFPDLNAEQLRELLRRLWALLTEAQRLPFVLLALLLAL,RPMNAFMVWARIHRPALAKANPAANNAEISVQLGLEWNKLSEEQKKPYYDEAQKIKE,7JJK.pdb,7JJK.pdb,17,../../data/data_and_model/sc_eval/original_new_10_0.5_0_eval/sc_output/7JJK/17,1.5490941,0.83183867,True,-143.11524963378906
0,1.2223927974700928,1.342180252075195,0.5091938972473145,0.3157894611358642,AVLNAFEVWAALLYPLLAALFPDLDEEELRRLLELLWALLTEAERLPFVLLALLLAL,RPMNAFMVWARIHRPALAKANPAANNAEISVQLGLEWNKLSEEQKKPYYDEAQKIKE,7JJK.pdb,7JJK.pdb,18,../../data/data_and_model/sc_eval/original_new_10_0.5_0_eval/sc_output/7JJK/18,0.9778288,0.84680176,True,-144.69384765625
0,0.9890778064727784,1.2000553607940674,0.5091938972473145,0.2807017564773559,AVLDAFQVWAAEMYPLLAALFPDLDEQQLAELLRRLWALLTEAERLPYVLLALLLAL,RPMNAFMVWARIHRPALAKANPAANNAEISVQLGLEWNKLSEEQKKPYYDEAQKIKE,7JJK.pdb,7JJK.pdb,19,../../data/data_and_model/sc_eval/original_new_10_0.5_0_eval/sc_output/7JJK/19,1.9267005,0.8150569,True,-145.33677673339844
0,1.248021960258484,1.255827784538269,0.5091938972473145,0.2982456088066101,AVLDAFQVWAAFMYPLLAALFPDLNEEELLELLRRLWALLTPEERLPFVLLALLLAL,RPMNAFMVWARIHRPALAKANPAANNAEISVQLGLEWNKLSEEQKKPYYDEAQKIKE,7JJK.pdb,7JJK.pdb,20,../../data/data_and_model/sc_eval/original_new_10_0.5_0_eval/sc_output/7JJK/20,1.6051408,0.82213354,True,-148.41641235351562
0,1.211071252822876,1.228754997253418,0.5091938972473145,0.2982456088066101,AVLDAFQVWAALLRPLLAALFPDLDEEQLAELLRRLWALLTEEERLPFVLLALLLAL,RPMNAFMVWARIHRPALAKANPAANNAEISVQLGLEWNKLSEEQKKPYYDEAQKIKE,7JJK.pdb,7JJK.pdb,21,../../data/data_and_model/sc_eval/original_new_10_0.5_0_eval/sc_output/7JJK/21,1.3376448,0.8253157,True,-139.306884765625
0,1.0234568119049072,0.9302417039871216,0.5091938972473145,0.3508771955966949,KVLTAFDVWAAEMYPLLAALFPDLNEEQLLELLKLIWSLLTEEEKLPYILLAYLLAL,RPMNAFMVWARIHRPALAKANPAANNAEISVQLGLEWNKLSEEQKKPYYDEAQKIKE,7JJK.pdb,7JJK.pdb,22,../../data/data_and_model/sc_eval/original_new_10_0.5_0_eval/sc_output/7JJK/22,1.0873759,0.7663561,True,-159.15396118164062
0,0.9402171969413756,1.0070210695266724,0.5091938972473145,0.3684210479259491,AVLDAFQVWAAIMRPLLAALFPDLNEQELEELLRQLWALLTEEEKLPFVLLALLLAL,RPMNAFMVWARIHRPALAKANPAANNAEISVQLGLEWNKLSEEQKKPYYDEAQKIKE,7JJK.pdb,7JJK.pdb,23,../../data/data_and_model/sc_eval/original_new_10_0.5_0_eval/sc_output/7JJK/23,0.8967776,0.8226868,True,-150.28729248046875
0,0.7597857713699341,0.6535064578056335,0.5091938972473145,0.2982456088066101,KVLDAFQVWAAFMRPLLAALFPELNEEQLEELLRVLWALLTPAEKLPFVLLALLLAL,RPMNAFMVWARIHRPALAKANPAANNAEISVQLGLEWNKLSEEQKKPYYDEAQKIKE,7JJK.pdb,7JJK.pdb,24,../../data/data_and_model/sc_eval/original_new_10_0.5_0_eval/sc_output/7JJK/24,1.0680588,0.8219472,True,-152.74269104003906
0,0.6258244514465332,0.5083386301994324,0.5091938972473145,0.2807017564773559,AVLDAFQVWAALMYPLLAALFPDLDEEQLAELLRRIWALLTPEERLPYIVLALLLAL,RPMNAFMVWARIHRPALAKANPAANNAEISVQLGLEWNKLSEEQKKPYYDEAQKIKE,7JJK.pdb,7JJK.pdb,25,../../data/data_and_model/sc_eval/original_new_10_0.5_0_eval/sc_output/7JJK/25,1.6921321,0.81067526,True,-150.373779296875
0,1.2743875980377195,1.4976322650909424,0.5091938972473145,0.2982456088066101,AVLDAFQVWAALLRPLLAALFPDLDEQQLAELLRLLWALLTEAERLPFVLLALLLAL,RPMNAFMVWARIHRPALAKANPAANNAEISVQLGLEWNKLSEEQKKPYYDEAQKIKE,7JJK.pdb,7JJK.pdb,26,../../data/data_and_model/sc_eval/original_new_10_0.5_0_eval/sc_output/7JJK/26,1.3398386,0.83613396,True,-139.10784912109375
0,1.2492281198501587,1.3520594835281372,0.5091938972473145,0.2982456088066101,AVLDAFQVWAALLYPLLAALFPDLNEEELLELLRRLWALLTPEERLPFVLLALLLAL,RPMNAFMVWARIHRPALAKANPAANNAEISVQLGLEWNKLSEEQKKPYYDEAQKIKE,7JJK.pdb,7JJK.pdb,27,../../data/data_and_model/sc_eval/original_new_10_0.5_0_eval/sc_output/7JJK/27,1.3321792,0.8236041,True,-141.60252380371094
0,1.2373974323272705,1.3368338346481323,0.5091938972473145,0.2631579041481018,AVLDAFQVWAALLRPLLAALFPDLDEEQLERLLRELWARLTPAERLPFVLLALLLAL,RPMNAFMVWARIHRPALAKANPAANNAEISVQLGLEWNKLSEEQKKPYYDEAQKIKE,7JJK.pdb,7JJK.pdb,28,../../data/data_and_model/sc_eval/original_new_10_0.5_0_eval/sc_output/7JJK/28,1.0091916,0.8262148,True,-137.3011474609375
0,0.7520714402198792,0.4793494641780853,0.5091938972473145,0.3333333432674408,VVLDAFQVWALFMRPLLAALYPDLNEEQLEQLLRELWAKLTEAEKLPFVLLALLLAL,RPMNAFMVWARIHRPALAKANPAANNAEISVQLGLEWNKLSEEQKKPYYDEAQKIKE,7JJK.pdb,7JJK.pdb,29,../../data/data_and_model/sc_eval/original_new_10_0.5_0_eval/sc_output/7JJK/29,0.9364286,0.8290056,True,-155.01158142089844
0,1.0803779363632202,1.255656123161316,0.5091938972473145,0.3333333432674408,KVLDAFEVWAAVLRPLLAALFPDLDEEELERLLRELWAKLTAEEKLPFVLLALLLAL,RPMNAFMVWARIHRPALAKANPAANNAEISVQLGLEWNKLSEEQKKPYYDEAQKIKE,7JJK.pdb,7JJK.pdb,30,../../data/data_and_model/sc_eval/original_new_10_0.5_0_eval/sc_output/7JJK/30,0.67298275,0.8207369,True,-143.79978942871094
0,1.176708698272705,1.4179000854492188,0.5091938972473145,0.2982456088066101,KVLDAFEVWAALMYPLLAALFPELNEEQLRELLRVIWAQLTEAEKLPFVLLALLLAL,RPMNAFMVWARIHRPALAKANPAANNAEISVQLGLEWNKLSEEQKKPYYDEAQKIKE,7JJK.pdb,7JJK.pdb,31,../../data/data_and_model/sc_eval/original_new_10_0.5_0_eval/sc_output/7JJK/31,1.1017534,0.8108716,True,-152.69949340820312
0,0.7266272902488708,0.5377250909805298,0.687462568283081,0.3508771955966949,AVLDAFQVWALFMRPLLAALFPDLNEEELEELLRVLWSLLTEEEKLPFVLLALLLAL,RPMNAFMVWARIHRPALAKANPAANNAEISVQLGLEWNKLSEEQKKPYYDEAQKIKE,7JJK.pdb,7JJK.pdb,32,../../data/data_and_model/sc_eval/original_new_10_0.5_0_eval/sc_output/7JJK/32,0.8643762,0.8217399,True,-152.43307495117188
0,1.101570725440979,1.4837242364883425,0.687462568283081,0.3157894611358642,AVLDAFQVWAAVLRPLLAALFPDLDEAQLDELLRRLWALLTPEEKLPFILLALLLAL,RPMNAFMVWARIHRPALAKANPAANNAEISVQLGLEWNKLSEEQKKPYYDEAQKIKE,7JJK.pdb,7JJK.pdb,33,../../data/data_and_model/sc_eval/original_new_10_0.5_0_eval/sc_output/7JJK/33,0.8940986,0.8246702,True,-142.08592224121094
0,1.116319179534912,1.5087106227874756,0.687462568283081,0.2807017564773559,AVLDAFQVWAAVLRPLLAALFPDLDERQLEELLREIWALLTPEERLPFILLALALAL,RPMNAFMVWARIHRPALAKANPAANNAEISVQLGLEWNKLSEEQKKPYYDEAQKIKE,7JJK.pdb,7JJK.pdb,34,../../data/data_and_model/sc_eval/original_new_10_0.5_0_eval/sc_output/7JJK/34,0.7353237,0.81671107,True,-144.0370635986328
0,1.1121660470962524,1.489933729171753,0.687462568283081,0.3157894611358642,AVLDAFQVWAAVLRPLLAALFPDLDEAQLEELLRELWAKLTPAEKLPFVLLALLLAL,RPMNAFMVWARIHRPALAKANPAANNAEISVQLGLEWNKLSEEQKKPYYDEAQKIKE,7JJK.pdb,7JJK.pdb,35,../../data/data_and_model/sc_eval/original_new_10_0.5_0_eval/sc_output/7JJK/35,0.69668514,0.8258358,True,-142.69293212890625
0,1.100624918937683,1.384386420249939,0.687462568283081,0.3333333432674408,AVLDAFQVFAALLRPLLAALFPDLDEEQLEELLRLIWALLTEEEKLPYVLLALLLAL,RPMNAFMVWARIHRPALAKANPAANNAEISVQLGLEWNKLSEEQKKPYYDEAQKIKE,7JJK.pdb,7JJK.pdb,36,../../data/data_and_model/sc_eval/original_new_10_0.5_0_eval/sc_output/7JJK/36,0.7706503,0.8288756,True,-143.81741333007812
0,0.9479496479034424,1.3198541402816772,0.687462568283081,0.3157894611358642,AVLDAFDVFAALLRPLLAALFPDLNEEELAELLRVLWALLTPEQRLPFVLLAALLAL,RPMNAFMVWARIHRPALAKANPAANNAEISVQLGLEWNKLSEEQKKPYYDEAQKIKE,7JJK.pdb,7JJK.pdb,37,../../data/data_and_model/sc_eval/original_new_10_0.5_0_eval/sc_output/7JJK/37,1.1758823,0.8061902,True,-140.29940795898438
0,0.7802509069442749,0.93646901845932,0.687462568283081,0.3333333432674408,KVLDAFQVWAAFLRPLLAALFPDLNEEELERLLRELWAKLTPEERLPFVLLALLLAL,RPMNAFMVWARIHRPALAKANPAANNAEISVQLGLEWNKLSEEQKKPYYDEAQKIKE,7JJK.pdb,7JJK.pdb,38,../../data/data_and_model/sc_eval/original_new_10_0.5_0_eval/sc_output/7JJK/38,0.69954747,0.82089674,True,-146.55825805664062
0,0.9156181812286376,0.7285556793212891,0.687462568283081,0.3684210479259491,VPLDAFEVWALFMYPLLAALFPDLNEEELLELLKKLWALLTEEEKLPFILLAYLLKL,RPMNAFMVWARIHRPALAKANPAANNAEISVQLGLEWNKLSEEQKKPYYDEAQKIKE,7JJK.pdb,7JJK.pdb,39,../../data/data_and_model/sc_eval/original_new_10_0.5_0_eval/sc_output/7JJK/39,1.0147362,0.7985095,True,-152.13795471191406
0,1.054707169532776,1.477012038230896,0.687462568283081,0.2631579041481018,AVLDAFQVWAAVLRPLLAALFPDLDEEQLERLLRELWALLTPAERLPFVLLALLLAL,RPMNAFMVWARIHRPALAKANPAANNAEISVQLGLEWNKLSEEQKKPYYDEAQKIKE,7JJK.pdb,7JJK.pdb,40,../../data/data_and_model/sc_eval/original_new_10_0.5_0_eval/sc_output/7JJK/40,0.98921293,0.8254007,True,-139.931640625
0,0.9205300211906432,1.2249938249588013,0.687462568283081,0.2631579041481018,AVLTAFDVWAALLYPLLAALFPDLDEEQLRRLLAELWARLTEAERLPFVLLALLLAL,RPMNAFMVWARIHRPALAKANPAANNAEISVQLGLEWNKLSEEQKKPYYDEAQKIKE,7JJK.pdb,7JJK.pdb,41,../../data/data_and_model/sc_eval/original_new_10_0.5_0_eval/sc_output/7JJK/41,1.1128789,0.84330535,True,-143.3064727783203
0,1.150704264640808,1.5307073593139648,0.687462568283081,0.2631579041481018,AVLDAFQVWAAVLRPLLAALFPDLDERQLEELLRVLWALLTPAERLPFVLLALLLAL,RPMNAFMVWARIHRPALAKANPAANNAEISVQLGLEWNKLSEEQKKPYYDEAQKIKE,7JJK.pdb,7JJK.pdb,42,../../data/data_and_model/sc_eval/original_new_10_0.5_0_eval/sc_output/7JJK/42,0.9327341,0.8280068,True,-141.2952117919922
0,0.842919647693634,1.0923925638198853,0.687462568283081,0.3157894611358642,AVLTAFDVWAALMYPLLAALFPDMNEEELRELLRKLWALLTPEEKLPFILLALLLAL,RPMNAFMVWARIHRPALAKANPAANNAEISVQLGLEWNKLSEEQKKPYYDEAQKIKE,7JJK.pdb,7JJK.pdb,43,../../data/data_and_model/sc_eval/original_new_10_0.5_0_eval/sc_output/7JJK/43,1.1475965,0.80738825,True,-154.24874877929688
0,1.4262791872024536,1.7230184078216553,0.687462568283081,0.2982456088066101,AVLDAFEVWAAVLYPLLAALFPDLNEEELRELLRRLWALLTPEERLPFVLLAALLAL,RPMNAFMVWARIHRPALAKANPAANNAEISVQLGLEWNKLSEEQKKPYYDEAQKIKE,7JJK.pdb,7JJK.pdb,44,../../data/data_and_model/sc_eval/original_new_10_0.5_0_eval/sc_output/7JJK/44,1.3052166,0.8143972,True,-145.67739868164062
0,0.7650461196899414,0.6451722979545593,0.687462568283081,0.3157894611358642,AVLDAFQVWAAVLYPLLAALFPDLNAEELEALLRKLWALLTPEERLPYVLLAALLAL,RPMNAFMVWARIHRPALAKANPAANNAEISVQLGLEWNKLSEEQKKPYYDEAQKIKE,7JJK.pdb,7JJK.pdb,45,../../data/data_and_model/sc_eval/original_new_10_0.5_0_eval/sc_output/7JJK/45,1.4865845,0.8219686,True,-146.2967529296875
0,1.2701425552368164,1.572972536087036,0.687462568283081,0.2982456088066101,AVLDAFQVWAALLRPLLAALFPDLDEAQLEELLRRLWALLTPEERLPFVLLARLLAL,RPMNAFMVWARIHRPALAKANPAANNAEISVQLGLEWNKLSEEQKKPYYDEAQKIKE,7JJK.pdb,7JJK.pdb,46,../../data/data_and_model/sc_eval/original_new_10_0.5_0_eval/sc_output/7JJK/46,1.449702,0.825271,True,-139.3475341796875
0,1.194944143295288,1.486613154411316,0.687462568283081,0.2807017564773559,AVLDAFQVWAALMRPLLAALFPDLDEEELERLLRELWALLTPAERLPFVLLALLLAL,RPMNAFMVWARIHRPALAKANPAANNAEISVQLGLEWNKLSEEQKKPYYDEAQKIKE,7JJK.pdb,7JJK.pdb,47,../../data/data_and_model/sc_eval/original_new_10_0.5_0_eval/sc_output/7JJK/47,1.2118553,0.8242321,True,-139.80459594726562
0,1.2025138139724731,1.1811128854751587,0.2882785499095917,0.3157894611358642,AVLDAFQVWAALLRPLLAALFPELNEQQLEELLRQLWALLTEAEKLPFVLLALALAL,RPMNAFMVWARIHRPALAKANPAANNAEISVQLGLEWNKLSEEQKKPYYDEAQKIKE,7JJK.pdb,7JJK.pdb,48,../../data/data_and_model/sc_eval/original_new_10_0.5_0_eval/sc_output/7JJK/48,1.156861,0.83838487,True,-143.7621307373047
0,1.2930973768234253,1.2651658058166504,0.2882785499095917,0.2807017564773559,KVLDAFEVWAALLYPLLAALFPDLDEEQLRELLRRIWAALTPEEKLPFVLLALLLAL,RPMNAFMVWARIHRPALAKANPAANNAEISVQLGLEWNKLSEEQKKPYYDEAQKIKE,7JJK.pdb,7JJK.pdb,49,../../data/data_and_model/sc_eval/original_new_10_0.5_0_eval/sc_output/7JJK/49,1.1726495,0.81661874,True,-148.35501098632812
0,1.260411500930786,1.2563382387161257,0.2882785499095917,0.3508771955966949,AVLDAFQVWAALLRPLLAALFPDLNEEELERLLKILWSLLTEEEKLPFVVLALLLAL,RPMNAFMVWARIHRPALAKANPAANNAEISVQLGLEWNKLSEEQKKPYYDEAQKIKE,7JJK.pdb,7JJK.pdb,50,../../data/data_and_model/sc_eval/original_new_10_0.5_0_eval/sc_output/7JJK/50,0.7675065,0.81368667,True,-150.16575622558594
0,1.2924622297286987,1.2567046880722046,0.2882785499095917,0.2631579041481018,AVLDAFQVWAALLYPLLAALFPDLDEEQLRELLREIWALLTPEERLPFVLLALALAL,RPMNAFMVWARIHRPALAKANPAANNAEISVQLGLEWNKLSEEQKKPYYDEAQKIKE,7JJK.pdb,7JJK.pdb,51,../../data/data_and_model/sc_eval/original_new_10_0.5_0_eval/sc_output/7JJK/51,1.2955964,0.8140293,True,-145.04379272460938
0,0.5032364726066589,0.447833240032196,0.2882785499095917,0.3508771955966949,AVLDAFQVWAAEMYPLLAALFPDLNEEQLLELLKLLWAKLTPEEKLPYILLALLLRL,RPMNAFMVWARIHRPALAKANPAANNAEISVQLGLEWNKLSEEQKKPYYDEAQKIKE,7JJK.pdb,7JJK.pdb,52,../../data/data_and_model/sc_eval/original_new_10_0.5_0_eval/sc_output/7JJK/52,1.5070248,0.7871116,True,-154.0210723876953
0,0.726093590259552,0.7081394195556641,0.2882785499095917,0.3157894611358642,AVPDAFAVWAAVLRPLLAALFPDLDEAQLEELLRRLWALLTEAEKLPFVLLALLLAL,RPMNAFMVWARIHRPALAKANPAANNAEISVQLGLEWNKLSEEQKKPYYDEAQKIKE,7JJK.pdb,7JJK.pdb,53,../../data/data_and_model/sc_eval/original_new_10_0.5_0_eval/sc_output/7JJK/53,1.0321133,0.83300054,True,-139.23486328125
0,0.5048447847366333,0.5334669947624207,0.2882785499095917,0.3333333432674408,KVLDAFEVWAALMYPLLAALFPDLNEEQLLELLKKLWALLTEEEKLPFILLALLLKL,RPMNAFMVWARIHRPALAKANPAANNAEISVQLGLEWNKLSEEQKKPYYDEAQKIKE,7JJK.pdb,7JJK.pdb,54,../../data/data_and_model/sc_eval/original_new_10_0.5_0_eval/sc_output/7JJK/54,0.8764125,0.79040956,True,-152.65061950683594
0,0.4395591616630554,0.4810085594654083,0.2882785499095917,0.3333333432674408,AVLDAFQVWAAVMYPLLAALFPDLNEEQLEELLKQLWAQLTEEEKLPYVLLALLLAL,RPMNAFMVWARIHRPALAKANPAANNAEISVQLGLEWNKLSEEQKKPYYDEAQKIKE,7JJK.pdb,7JJK.pdb,55,../../data/data_and_model/sc_eval/original_new_10_0.5_0_eval/sc_output/7JJK/55,1.185753,0.7817277,True,-154.01895141601562
0,0.5435327887535095,0.506646454334259,0.2882785499095917,0.3157894611358642,AVLDAFQVWAAFMYPLLAALFPDLNEEELLELLRKIWALLTAEEKLPFVLLAALLAL,RPMNAFMVWARIHRPALAKANPAANNAEISVQLGLEWNKLSEEQKKPYYDEAQKIKE,7JJK.pdb,7JJK.pdb,56,../../data/data_and_model/sc_eval/original_new_10_0.5_0_eval/sc_output/7JJK/56,1.5196611,0.8157673,True,-154.04188537597656
0,1.105915904045105,1.046252965927124,0.2882785499095917,0.2631579041481018,AVLTAFDVFAALLRPLLAALFPDLDEEQLDRLLREIWALLTPEERLPFVLLALLLAL,RPMNAFMVWARIHRPALAKANPAANNAEISVQLGLEWNKLSEEQKKPYYDEAQKIKE,7JJK.pdb,7JJK.pdb,57,../../data/data_and_model/sc_eval/original_new_10_0.5_0_eval/sc_output/7JJK/57,0.66268045,0.82384735,True,-143.27650451660156
0,1.17385733127594,1.1137971878051758,0.2882785499095917,0.2982456088066101,AVLDAFEVWAAVMYPLLAALFPDLDEEQLLELLRRLWALLTPEQRLPYVLLAALLAL,RPMNAFMVWARIHRPALAKANPAANNAEISVQLGLEWNKLSEEQKKPYYDEAQKIKE,7JJK.pdb,7JJK.pdb,58,../../data/data_and_model/sc_eval/original_new_10_0.5_0_eval/sc_output/7JJK/58,1.9032946,0.819772,True,-146.30551147460938
0,1.5144085884094238,1.5247292518615725,0.2882785499095917,0.3333333432674408,AVLDAFDVWAALLRPLLAALFPDLNEEELEELLRVLWALLTPEQRLPFVLLALALAL,RPMNAFMVWARIHRPALAKANPAANNAEISVQLGLEWNKLSEEQKKPYYDEAQKIKE,7JJK.pdb,7JJK.pdb,59,../../data/data_and_model/sc_eval/original_new_10_0.5_0_eval/sc_output/7JJK/59,1.1155293,0.819588,True,-143.48971557617188
0,0.8252066373825073,0.7725905776023865,0.2882785499095917,0.3333333432674408,KVLDAFQVFAAFLYPLLAALFPDLNEEELEELLRRIWALLTEEEKLPYVILALLLAL,RPMNAFMVWARIHRPALAKANPAANNAEISVQLGLEWNKLSEEQKKPYYDEAQKIKE,7JJK.pdb,7JJK.pdb,60,../../data/data_and_model/sc_eval/original_new_10_0.5_0_eval/sc_output/7JJK/60,0.90752774,0.80187714,True,-148.4169921875
0,1.324578881263733,1.3120428323745728,0.2882785499095917,0.2631579041481018,AVLDAFQVWAALLRPLLAALFPDLDEEQLEELLRRLWALLTPAERLPFVLLALLLAL,RPMNAFMVWARIHRPALAKANPAANNAEISVQLGLEWNKLSEEQKKPYYDEAQKIKE,7JJK.pdb,7JJK.pdb,61,../../data/data_and_model/sc_eval/original_new_10_0.5_0_eval/sc_output/7JJK/61,1.195655,0.8347473,True,-138.73660278320312
0,1.335351586341858,1.3727105855941772,0.2882785499095917,0.3333333432674408,AVLDAFQVWAALMRPLLAALFPDLDERELEELLRLLWALLTPEEKLPFVLLALALAL,RPMNAFMVWARIHRPALAKANPAANNAEISVQLGLEWNKLSEEQKKPYYDEAQKIKE,7JJK.pdb,7JJK.pdb,62,../../data/data_and_model/sc_eval/original_new_10_0.5_0_eval/sc_output/7JJK/62,1.5038292,0.8214356,True,-147.50927734375
0,1.2479689121246338,1.2076504230499268,0.2882785499095917,0.3333333432674408,AVLDAFQVWAALLRPLLAALFPDMNEEELEELLRRLWALLTEEERLPFVLLAALLAL,RPMNAFMVWARIHRPALAKANPAANNAEISVQLGLEWNKLSEEQKKPYYDEAQKIKE,7JJK.pdb,7JJK.pdb,63,../../data/data_and_model/sc_eval/original_new_10_0.5_0_eval/sc_output/7JJK/63,0.99241465,0.8193363,True,-145.27195739746094
0,1.1237783432006836,1.213660478591919,0.4010902941226959,0.3333333432674408,AVLDAFQVWAAEMYPLLAALFPELNEEQLLELLKKLWALLTEEEKLPYILLALLLAL,RPMNAFMVWARIHRPALAKANPAANNAEISVQLGLEWNKLSEEQKKPYYDEAQKIKE,7JJK.pdb,7JJK.pdb,64,../../data/data_and_model/sc_eval/original_new_10_0.5_0_eval/sc_output/7JJK/64,1.0912075,0.7942054,True,-151.2094268798828
0,1.0309332609176636,1.087089776992798,0.4010902941226959,0.2982456088066101,SVLDAFQVWAALLYPLLAALFPDLNEQQLLELLRQLWAQLTPEEKLPFVLLALLLAL,RPMNAFMVWARIHRPALAKANPAANNAEISVQLGLEWNKLSEEQKKPYYDEAQKIKE,7JJK.pdb,7JJK.pdb,65,../../data/data_and_model/sc_eval/original_new_10_0.5_0_eval/sc_output/7JJK/65,1.1578296,0.8019021,True,-152.49334716796875
0,0.7018764615058899,0.7115825414657593,0.4010902941226959,0.3684210479259491,KVLDAFQVWAAFMYPLLAALFPDLNEEELLKLLKILWSLLTEEEKLPYVLLALLLKL,RPMNAFMVWARIHRPALAKANPAANNAEISVQLGLEWNKLSEEQKKPYYDEAQKIKE,7JJK.pdb,7JJK.pdb,66,../../data/data_and_model/sc_eval/original_new_10_0.5_0_eval/sc_output/7JJK/66,1.2117525,0.7812668,True,-154.84193420410156
0,0.8438165783882141,0.9653277397155762,0.4010902941226959,0.3333333432674408,RVLDAFEVWAALLRPLLAALFPELDEEELERLLRVLWALLTPEQRLPFVLLALLLAL,RPMNAFMVWARIHRPALAKANPAANNAEISVQLGLEWNKLSEEQKKPYYDEAQKIKE,7JJK.pdb,7JJK.pdb,67,../../data/data_and_model/sc_eval/original_new_10_0.5_0_eval/sc_output/7JJK/67,0.94011575,0.83249503,True,-138.03269958496094
0,0.5230032205581665,0.6916874051094055,0.4010902941226959,0.3684210479259491,APLDAFQVWAALLRPLLAALFPDLNEEELAELLRRLWALLTEEERLPFVLLALLLKL,RPMNAFMVWARIHRPALAKANPAANNAEISVQLGLEWNKLSEEQKKPYYDEAQKIKE,7JJK.pdb,7JJK.pdb,68,../../data/data_and_model/sc_eval/original_new_10_0.5_0_eval/sc_output/7JJK/68,1.2029704,0.81017464,True,-148.57327270507812
0,0.8868200182914734,0.8527914881706238,0.4010902941226959,0.4210526347160339,TPLDAFQVWAREMYPLLAALFPDLNEEELERLLRLLWALLTEEEKLPYILLALLLKL,RPMNAFMVWARIHRPALAKANPAANNAEISVQLGLEWNKLSEEQKKPYYDEAQKIKE,7JJK.pdb,7JJK.pdb,69,../../data/data_and_model/sc_eval/original_new_10_0.5_0_eval/sc_output/7JJK/69,1.1736001,0.78238225,True,-157.30857849121094
0,0.7511430382728577,0.7375369668006897,0.4010902941226959,0.2807017564773559,AVLDAFQVFAAFLRPLLAALFPDLDEEQLERLLREIWALLTPEEKLPFILLALLLAL,RPMNAFMVWARIHRPALAKANPAANNAEISVQLGLEWNKLSEEQKKPYYDEAQKIKE,7JJK.pdb,7JJK.pdb,70,../../data/data_and_model/sc_eval/original_new_10_0.5_0_eval/sc_output/7JJK/70,0.7233191,0.82555807,True,-141.92491149902344
0,1.2436375617980957,1.3740659952163696,0.4010902941226959,0.2807017564773559,AVLDAFQVWAALLRPLLAALFPDLDEEQLEELLRRLWALLTEAERLPFVLLALLLAL,RPMNAFMVWARIHRPALAKANPAANNAEISVQLGLEWNKLSEEQKKPYYDEAQKIKE,7JJK.pdb,7JJK.pdb,71,../../data/data_and_model/sc_eval/original_new_10_0.5_0_eval/sc_output/7JJK/71,1.1315905,0.83986723,True,-138.80221557617188
0,1.2893821001052856,1.396328687667847,0.4010902941226959,0.2631579041481018,AVLDAFQVWAALLRPLLAALFPDLDEEQLAELLRRLWALLTPAERLPFVLLALLLAL,RPMNAFMVWARIHRPALAKANPAANNAEISVQLGLEWNKLSEEQKKPYYDEAQKIKE,7JJK.pdb,7JJK.pdb,72,../../data/data_and_model/sc_eval/original_new_10_0.5_0_eval/sc_output/7JJK/72,1.4827579,0.82627004,True,-137.1812744140625
0,0.7404351234436035,0.7269450426101685,0.4010902941226959,0.2807017564773559,AVLDAFQVFAAVLRPLLAALFPDLDEEQLAELLRVLWALLTEAEKLPFVLLALLLAL,RPMNAFMVWARIHRPALAKANPAANNAEISVQLGLEWNKLSEEQKKPYYDEAQKIKE,7JJK.pdb,7JJK.pdb,73,../../data/data_and_model/sc_eval/original_new_10_0.5_0_eval/sc_output/7JJK/73,0.90657467,0.81700623,True,-140.2632293701172
0,1.2310417890548706,1.3146895170211792,0.4010902941226959,0.2982456088066101,AVLDAFQVWAAELYPLLAALFPDLDAQQLAELLRQLWAQLTPEQRLPYVLLALLLAL,RPMNAFMVWARIHRPALAKANPAANNAEISVQLGLEWNKLSEEQKKPYYDEAQKIKE,7JJK.pdb,7JJK.pdb,74,../../data/data_and_model/sc_eval/original_new_10_0.5_0_eval/sc_output/7JJK/74,1.6320065,0.81036556,True,-140.75173950195312
0,0.5651165843009949,0.6961612701416016,0.4010902941226959,0.3157894611358642,AVLDAFQVWARLMYPLLAALFPDLNEEELLELLRKLWALLTPAERLPYILLALLLAL,RPMNAFMVWARIHRPALAKANPAANNAEISVQLGLEWNKLSEEQKKPYYDEAQKIKE,7JJK.pdb,7JJK.pdb,75,../../data/data_and_model/sc_eval/original_new_10_0.5_0_eval/sc_output/7JJK/75,1.5260059,0.8220455,True,-148.78846740722656
0,0.4803557395935058,0.4281898736953735,0.4010902941226959,0.3157894611358642,KVLDAFEVWALLLRPLLAALFPELNDEQLEELLRRLWALLTPEEKLPFILLALLLAL,RPMNAFMVWARIHRPALAKANPAANNAEISVQLGLEWNKLSEEQKKPYYDEAQKIKE,7JJK.pdb,7JJK.pdb,76,../../data/data_and_model/sc_eval/original_new_10_0.5_0_eval/sc_output/7JJK/76,0.72898364,0.81575406,True,-146.91094970703125
0,0.6348049640655518,0.5112151503562927,0.4010902941226959,0.3333333432674408,KVLDAFEVWALVLYPLLAALFPDLNEEQLLELLRKLWALLTEEEKLPFILLALLLKL,RPMNAFMVWARIHRPALAKANPAANNAEISVQLGLEWNKLSEEQKKPYYDEAQKIKE,7JJK.pdb,7JJK.pdb,77,../../data/data_and_model/sc_eval/original_new_10_0.5_0_eval/sc_output/7JJK/77,0.83792084,0.80575365,True,-149.82659912109375
0,0.8086050748825073,0.5665020942687988,0.4010902941226959,0.3333333432674408,AVLDAFQVWAAVMYPLLAALFPDLNEEQLLELLRKLWALLTEEEKLPYVLLALLLAL,RPMNAFMVWARIHRPALAKANPAANNAEISVQLGLEWNKLSEEQKKPYYDEAQKIKE,7JJK.pdb,7JJK.pdb,78,../../data/data_and_model/sc_eval/original_new_10_0.5_0_eval/sc_output/7JJK/78,1.3746086,0.8054715,True,-152.10411071777344
0,1.200665831565857,1.3435628414154053,0.4010902941226959,0.3157894611358642,KVLDAFEVWAAILRPLLAALFPDMDEQELEELLRKLWAALTPEERLPFVLLALLLAL,RPMNAFMVWARIHRPALAKANPAANNAEISVQLGLEWNKLSEEQKKPYYDEAQKIKE,7JJK.pdb,7JJK.pdb,79,../../data/data_and_model/sc_eval/original_new_10_0.5_0_eval/sc_output/7JJK/79,0.64887035,0.8166317,True,-147.83485412597656
0,1.145358920097351,1.3203235864639282,0.541968047618866,0.2807017564773559,AVLDAFQVWAALLRPLLAALFPDLDDEQLDRLLRELWALLTEAERLPFVLLALALAL,RPMNAFMVWARIHRPALAKANPAANNAEISVQLGLEWNKLSEEQKKPYYDEAQKIKE,7JJK.pdb,7JJK.pdb,80,../../data/data_and_model/sc_eval/original_new_10_0.5_0_eval/sc_output/7JJK/80,1.3716761,0.8268655,True,-137.46392822265625
0,1.1216036081314087,1.2985321283340454,0.541968047618866,0.3333333432674408,KVLDAFQVWAAELRPLLAALFPDLDEEELERLLRELWALLTPEQRLPYVLLALLLAL,RPMNAFMVWARIHRPALAKANPAANNAEISVQLGLEWNKLSEEQKKPYYDEAQKIKE,7JJK.pdb,7JJK.pdb,81,../../data/data_and_model/sc_eval/original_new_10_0.5_0_eval/sc_output/7JJK/81,0.85687196,0.7982612,True,-139.8561248779297
0,1.2405840158462524,1.3950859308242798,0.541968047618866,0.2631579041481018,AVLDAFQVWAALLRPLLAALFPDLDEEQLARLLAELWALLTPAERLPFVLLALLLAL,RPMNAFMVWARIHRPALAKANPAANNAEISVQLGLEWNKLSEEQKKPYYDEAQKIKE,7JJK.pdb,7JJK.pdb,82,../../data/data_and_model/sc_eval/original_new_10_0.5_0_eval/sc_output/7JJK/82,1.2557406,0.8240172,True,-137.41693115234375
0,1.1917164325714111,1.3170405626296997,0.541968047618866,0.2631579041481018,AVLDAFQVFAAELRPLLAALFPDLDEQQLEELLRRIWAALTPAERLPYVLLALLLAL,RPMNAFMVWARIHRPALAKANPAANNAEISVQLGLEWNKLSEEQKKPYYDEAQKIKE,7JJK.pdb,7JJK.pdb,83,../../data/data_and_model/sc_eval/original_new_10_0.5_0_eval/sc_output/7JJK/83,1.0195906,0.8197772,True,-139.14930725097656
0,0.707884669303894,0.5618395209312439,0.541968047618866,0.3157894611358642,AVLDAFQVWAAVMYPLLAALFPDLDEEQLAELLRRLWALLTEEEKLPYRLLALLLAL,RPMNAFMVWARIHRPALAKANPAANNAEISVQLGLEWNKLSEEQKKPYYDEAQKIKE,7JJK.pdb,7JJK.pdb,84,../../data/data_and_model/sc_eval/original_new_10_0.5_0_eval/sc_output/7JJK/84,2.1408396,0.8099125,True,-150.22445678710938
0,0.983482301235199,1.0207059383392334,0.541968047618866,0.2982456088066101,KVLDAFDVWAALLYPLLAALFPDLDEEELRELLRRLWALLTPEEKLPFVLLARLLAL,RPMNAFMVWARIHRPALAKANPAANNAEISVQLGLEWNKLSEEQKKPYYDEAQKIKE,7JJK.pdb,7JJK.pdb,85,../../data/data_and_model/sc_eval/original_new_10_0.5_0_eval/sc_output/7JJK/85,1.5824416,0.8049549,True,-145.88525390625
0,1.0279912948608398,1.238600492477417,0.541968047618866,0.2982456088066101,AVLDAFQVWAALMRPLLAALFPDLNEEQLEELLRRLWALLTDAEKLPFILLAALLAL,RPMNAFMVWARIHRPALAKANPAANNAEISVQLGLEWNKLSEEQKKPYYDEAQKIKE,7JJK.pdb,7JJK.pdb,86,../../data/data_and_model/sc_eval/original_new_10_0.5_0_eval/sc_output/7JJK/86,1.0797192,0.8192433,True,-147.5991973876953
0,0.7276456356048584,0.960618495941162,0.541968047618866,0.2807017564773559,AVLDAFQVWAAVMRPLLAALFPDLDEQQLEELLRVLWALLTAEERLPFVLLARLLAL,RPMNAFMVWARIHRPALAKANPAANNAEISVQLGLEWNKLSEEQKKPYYDEAQKIKE,7JJK.pdb,7JJK.pdb,87,../../data/data_and_model/sc_eval/original_new_10_0.5_0_eval/sc_output/7JJK/87,1.5581841,0.824409,True,-146.6890106201172
0,1.1181572675704956,1.2796627283096311,0.541968047618866,0.2631579041481018,AVLDAFQVWAAVLYPLLAALFPDLDEEQLARLLRELWAKLTPAERLPFVLLALLLAL,RPMNAFMVWARIHRPALAKANPAANNAEISVQLGLEWNKLSEEQKKPYYDEAQKIKE,7JJK.pdb,7JJK.pdb,88,../../data/data_and_model/sc_eval/original_new_10_0.5_0_eval/sc_output/7JJK/88,1.3248582,0.8157736,True,-144.00987243652344
0,0.9920716285705566,1.0636707544326782,0.541968047618866,0.2982456088066101,KVLDAFEVFAALLYPLLAALFPDMNEEELLQLLREIWAQLTEAEKLPFVLLALLLAL,RPMNAFMVWARIHRPALAKANPAANNAEISVQLGLEWNKLSEEQKKPYYDEAQKIKE,7JJK.pdb,7JJK.pdb,89,../../data/data_and_model/sc_eval/original_new_10_0.5_0_eval/sc_output/7JJK/89,0.94537884,0.81765664,True,-148.58724975585938
0,0.8258153796195984,0.9999391436576844,0.541968047618866,0.2982456088066101,AVLDAFQVWAAFLRPLLAALFPDLDEEQLEELLRKLWALLTEEERLPFVLLALLLAL,RPMNAFMVWARIHRPALAKANPAANNAEISVQLGLEWNKLSEEQKKPYYDEAQKIKE,7JJK.pdb,7JJK.pdb,90,../../data/data_and_model/sc_eval/original_new_10_0.5_0_eval/sc_output/7JJK/90,0.8789044,0.8404379,True,-144.16583251953125
0,1.2466151714324951,1.4107401371002195,0.541968047618866,0.2807017564773559,AVLDAFEVWAALLYPLLAALFPDLNEEQLRELLRRLWALLTPEERLPFVLLALLLAL,RPMNAFMVWARIHRPALAKANPAANNAEISVQLGLEWNKLSEEQKKPYYDEAQKIKE,7JJK.pdb,7JJK.pdb,91,../../data/data_and_model/sc_eval/original_new_10_0.5_0_eval/sc_output/7JJK/91,1.2996949,0.8135685,True,-144.9813995361328
0,1.1782859563827517,1.296935796737671,0.541968047618866,0.2631579041481018,AVLDAFQVWAALLYPLLAALFPDLNAEQLAELLRRLWAALTPAERLPFVLLALLLAL,RPMNAFMVWARIHRPALAKANPAANNAEISVQLGLEWNKLSEEQKKPYYDEAQKIKE,7JJK.pdb,7JJK.pdb,92,../../data/data_and_model/sc_eval/original_new_10_0.5_0_eval/sc_output/7JJK/92,1.599915,0.82782674,True,-139.1549530029297
0,0.8302677273750305,0.9212628602981568,0.541968047618866,0.2807017564773559,AVLDAFQVWAALLRPLLAALFPDLDERQLEELLRQLWALLTPEERLPFVLLAALLAL,RPMNAFMVWARIHRPALAKANPAANNAEISVQLGLEWNKLSEEQKKPYYDEAQKIKE,7JJK.pdb,7JJK.pdb,93,../../data/data_and_model/sc_eval/original_new_10_0.5_0_eval/sc_output/7JJK/93,1.0875975,0.8219835,True,-141.21771240234375
0,1.109789490699768,1.338574767112732,0.541968047618866,0.2807017564773559,AVLDAFQVWAALMRPLLAALFPDLDEAQLEELLRRLWAALTPAERLPFVLLALLLAL,RPMNAFMVWARIHRPALAKANPAANNAEISVQLGLEWNKLSEEQKKPYYDEAQKIKE,7JJK.pdb,7JJK.pdb,94,../../data/data_and_model/sc_eval/original_new_10_0.5_0_eval/sc_output/7JJK/94,1.4295275,0.8307698,True,-139.14137268066406
0,1.0327142477035522,1.1644113063812256,0.541968047618866,0.2982456088066101,AVLDAFQVWAALLRPLLAALFPDLDEEQLEQLLRELWALLTPEEKLPFVLLALALAL,RPMNAFMVWARIHRPALAKANPAANNAEISVQLGLEWNKLSEEQKKPYYDEAQKIKE,7JJK.pdb,7JJK.pdb,95,../../data/data_and_model/sc_eval/original_new_10_0.5_0_eval/sc_output/7JJK/95,1.13753,0.82386,True,-144.87368774414062
0,0.621456503868103,0.6281383633613586,0.3080114722251892,0.2982456088066101,AVLDAFQVFAALLYPLLAALFPDLNEEQLAQLLREIWAQLTEEEKLPFVLLAALLAL,RPMNAFMVWARIHRPALAKANPAANNAEISVQLGLEWNKLSEEQKKPYYDEAQKIKE,7JJK.pdb,7JJK.pdb,96,../../data/data_and_model/sc_eval/original_new_10_0.5_0_eval/sc_output/7JJK/96,1.1097538,0.7946676,True,-149.549560546875
0,1.2865469455718994,1.3188273906707764,0.3080114722251892,0.2982456088066101,AVLDAFQVWAALLRPLLAALFPDLDEEQLAELLRELWALLTPEEKLPFILLALLLAL,RPMNAFMVWARIHRPALAKANPAANNAEISVQLGLEWNKLSEEQKKPYYDEAQKIKE,7JJK.pdb,7JJK.pdb,97,../../data/data_and_model/sc_eval/original_new_10_0.5_0_eval/sc_output/7JJK/97,0.9012412,0.81034344,True,-142.7818603515625
0,1.058099627494812,1.0056073665618896,0.3080114722251892,0.3333333432674408,AVLDAFQVWAAFMRPLLAALFPDLNEEELEELLRLLWALLTPAEKLPFVLLALLLAL,RPMNAFMVWARIHRPALAKANPAANNAEISVQLGLEWNKLSEEQKKPYYDEAQKIKE,7JJK.pdb,7JJK.pdb,98,../../data/data_and_model/sc_eval/original_new_10_0.5_0_eval/sc_output/7JJK/98,1.2551001,0.8330495,True,-152.607666015625
0,0.7888954877853394,0.7964741587638855,0.3080114722251892,0.3157894611358642,AVLDAFQVWAALLRPLLAALFPDLDEEQLQQLLRELWAQLTEEEKLPFVLLALLLRL,RPMNAFMVWARIHRPALAKANPAANNAEISVQLGLEWNKLSEEQKKPYYDEAQKIKE,7JJK.pdb,7JJK.pdb,99,../../data/data_and_model/sc_eval/original_new_10_0.5_0_eval/sc_output/7JJK/99,0.97743875,0.8205852,True,-143.60446166992188
0,1.119007587432861,1.0743361711502075,0.3080114722251892,0.3157894611358642,AVLTAFDVWAALLYPLLAALFPDWDEEELRRLLEELWAQLTEEEKLPFILLALLLAL,RPMNAFMVWARIHRPALAKANPAANNAEISVQLGLEWNKLSEEQKKPYYDEAQKIKE,7JJK.pdb,7JJK.pdb,100,../../data/data_and_model/sc_eval/original_new_10_0.5_0_eval/sc_output/7JJK/100,0.57666814,0.77998555,True,-150.8484649658203
0,1.2547978162765503,1.212539792060852,0.3080114722251892,0.3157894611358642,AVLDAFQVWAALMRPLLAALFPDLNEEQLEELLRKIWALLTPEEKLPFVLLALLLAL,RPMNAFMVWARIHRPALAKANPAANNAEISVQLGLEWNKLSEEQKKPYYDEAQKIKE,7JJK.pdb,7JJK.pdb,101,../../data/data_and_model/sc_eval/original_new_10_0.5_0_eval/sc_output/7JJK/101,0.90178204,0.80546665,True,-149.02357482910156
0,0.5608243942260742,0.6188028454780579,0.3080114722251892,0.3333333432674408,AVLNAFQVWAALMRPLLAALFPDLNEEQLEELLRQLWALLTPEEKLPFILLALLLAL,RPMNAFMVWARIHRPALAKANPAANNAEISVQLGLEWNKLSEEQKKPYYDEAQKIKE,7JJK.pdb,7JJK.pdb,102,../../data/data_and_model/sc_eval/original_new_10_0.5_0_eval/sc_output/7JJK/102,0.8579217,0.8037449,True,-151.1084442138672
0,0.6578071117401123,0.7323921918869019,0.3080114722251892,0.3684210479259491,AVLDAFQVWAAIMRPLLAALFPNLNEQELEELLKQLWAKLTAEEKLPFILLAKLLAL,RPMNAFMVWARIHRPALAKANPAANNAEISVQLGLEWNKLSEEQKKPYYDEAQKIKE,7JJK.pdb,7JJK.pdb,103,../../data/data_and_model/sc_eval/original_new_10_0.5_0_eval/sc_output/7JJK/103,1.0085672,0.8121526,True,-152.4237823486328
0,0.9256272912025452,0.932550013065338,0.3080114722251892,0.3333333432674408,AVLDAFQVWAAELYPLLAALFPDLDEEELARLLAELWALLTPEQKLPYILRALALAL,RPMNAFMVWARIHRPALAKANPAANNAEISVQLGLEWNKLSEEQKKPYYDEAQKIKE,7JJK.pdb,7JJK.pdb,104,../../data/data_and_model/sc_eval/original_new_10_0.5_0_eval/sc_output/7JJK/104,1.589514,0.8028548,True,-145.9034423828125
0,1.2125184535980225,1.19464910030365,0.3080114722251892,0.3333333432674408,AVLDAFQVFAADLRPLLAALFPDLNEEELEELLRQIWALLTPEEKLPYILLALLLAL,RPMNAFMVWARIHRPALAKANPAANNAEISVQLGLEWNKLSEEQKKPYYDEAQKIKE,7JJK.pdb,7JJK.pdb,105,../../data/data_and_model/sc_eval/original_new_10_0.5_0_eval/sc_output/7JJK/105,0.53330314,0.8049244,True,-146.63832092285156
0,1.2326322793960571,1.2535094022750854,0.3080114722251892,0.2807017564773559,AVLDAFQVWAALMRPLLAALFPDLDEEQLEELLRRIWALLTPEERLPFVLLALLLAL,RPMNAFMVWARIHRPALAKANPAANNAEISVQLGLEWNKLSEEQKKPYYDEAQKIKE,7JJK.pdb,7JJK.pdb,106,../../data/data_and_model/sc_eval/original_new_10_0.5_0_eval/sc_output/7JJK/106,1.220749,0.8182981,True,-143.5430450439453
0,0.5192301273345947,0.5818526744842529,0.3080114722251892,0.3157894611358642,AVLDAFQVFAAFMYPLLAALFPDLNEEQLLELLREIWAKLTEEEKLPFVLLALLLAL,RPMNAFMVWARIHRPALAKANPAANNAEISVQLGLEWNKLSEEQKKPYYDEAQKIKE,7JJK.pdb,7JJK.pdb,107,../../data/data_and_model/sc_eval/original_new_10_0.5_0_eval/sc_output/7JJK/107,0.98289675,0.8055235,True,-151.5094451904297
0,0.9017863869667052,0.8943732380867004,0.3080114722251892,0.3333333432674408,AVLDAFQVWAAFLRPLLAALFPDLDEEQLEELLRILWSLLTEEEKLPFILLAELLKL,RPMNAFMVWARIHRPALAKANPAANNAEISVQLGLEWNKLSEEQKKPYYDEAQKIKE,7JJK.pdb,7JJK.pdb,108,../../data/data_and_model/sc_eval/original_new_10_0.5_0_eval/sc_output/7JJK/108,0.6446057,0.8147563,True,-149.93870544433594
0,1.243979573249817,1.2191150188446045,0.3080114722251892,0.3684210479259491,AVLNAFEVWAALMRPLLAALFPDLNEEELEALLRKLWAKLTEAEKLPFILLALLLAL,RPMNAFMVWARIHRPALAKANPAANNAEISVQLGLEWNKLSEEQKKPYYDEAQKIKE,7JJK.pdb,7JJK.pdb,109,../../data/data_and_model/sc_eval/original_new_10_0.5_0_eval/sc_output/7JJK/109,0.9649469,0.8289683,True,-151.91159057617188
0,1.2229201793670654,1.2559046745300293,0.3080114722251892,0.2807017564773559,AVLDAFQVWAALLYPLLAALFPDLNEEQLLELLRRLWAALTPEERLPFVLLALALAL,RPMNAFMVWARIHRPALAKANPAANNAEISVQLGLEWNKLSEEQKKPYYDEAQKIKE,7JJK.pdb,7JJK.pdb,110,../../data/data_and_model/sc_eval/original_new_10_0.5_0_eval/sc_output/7JJK/110,1.6558172,0.8223955,True,-144.39967346191406
0,0.564671516418457,0.61641925573349,0.3080114722251892,0.3508771955966949,AVLDAFQVFAALMRPLLAALFPDLNEEELEELLKVIWALLTEEEKLPYILLALLLAL,RPMNAFMVWARIHRPALAKANPAANNAEISVQLGLEWNKLSEEQKKPYYDEAQKIKE,7JJK.pdb,7JJK.pdb,111,../../data/data_and_model/sc_eval/original_new_10_0.5_0_eval/sc_output/7JJK/111,0.71306276,0.81108606,True,-148.8942413330078
0,0.7794221043586731,0.9004377722740173,0.4241681694984436,0.2807017564773559,AVLDAFEVWAAVLYPLLAALFPDLDEEQLRELLRRLWALLTAEEKLPFVLLARLLAL,RPMNAFMVWARIHRPALAKANPAANNAEISVQLGLEWNKLSEEQKKPYYDEAQKIKE,7JJK.pdb,7JJK.pdb,112,../../data/data_and_model/sc_eval/original_new_10_0.5_0_eval/sc_output/7JJK/112,1.7278484,0.8248867,True,-146.60546875
0,1.0944736003875732,1.2463594675064087,0.4241681694984436,0.2982456088066101,AVLDAFQVWAALLRPLLAALFPDLDDAQLAELLRRLWAALTPAEKLPFVLLALLLAL,RPMNAFMVWARIHRPALAKANPAANNAEISVQLGLEWNKLSEEQKKPYYDEAQKIKE,7JJK.pdb,7JJK.pdb,113,../../data/data_and_model/sc_eval/original_new_10_0.5_0_eval/sc_output/7JJK/113,1.4445181,0.8262378,True,-137.70260620117188
0,1.1874358654022217,1.3928362131118774,0.4241681694984436,0.3157894611358642,AVLDAFQVWAALMRPLLAALFPDLNEEQLEELLRELWAKLTAAEKLPFILLALLLAL,RPMNAFMVWARIHRPALAKANPAANNAEISVQLGLEWNKLSEEQKKPYYDEAQKIKE,7JJK.pdb,7JJK.pdb,114,../../data/data_and_model/sc_eval/original_new_10_0.5_0_eval/sc_output/7JJK/114,0.798958,0.8238312,True,-145.8851776123047
0,1.2849509716033936,1.4841339588165283,0.4241681694984436,0.2982456088066101,AVLDAFQVWAALLRPLLAALFPDLNEEQLDELLRRLWALLTEAERLPFVLLALLLAL,RPMNAFMVWARIHRPALAKANPAANNAEISVQLGLEWNKLSEEQKKPYYDEAQKIKE,7JJK.pdb,7JJK.pdb,115,../../data/data_and_model/sc_eval/original_new_10_0.5_0_eval/sc_output/7JJK/115,1.120026,0.83255005,True,-141.23851013183594
0,1.1591233015060425,1.34947669506073,0.4241681694984436,0.2807017564773559,AVLDAFQVWAALLRPLLAALFPDLDEAQLEELLRQLWALLTDAERLPFVLLALLLAL,RPMNAFMVWARIHRPALAKANPAANNAEISVQLGLEWNKLSEEQKKPYYDEAQKIKE,7JJK.pdb,7JJK.pdb,116,../../data/data_and_model/sc_eval/original_new_10_0.5_0_eval/sc_output/7JJK/116,1.0053201,0.84184515,True,-138.9857635498047
0,0.5916664600372314,0.5458002686500549,0.4241681694984436,0.3157894611358642,AVLDAFQVWAAVMYPLLAALFPDLDEEQLLELLRLIWAALTPEEKLPYILLALLLAL,RPMNAFMVWARIHRPALAKANPAANNAEISVQLGLEWNKLSEEQKKPYYDEAQKIKE,7JJK.pdb,7JJK.pdb,117,../../data/data_and_model/sc_eval/original_new_10_0.5_0_eval/sc_output/7JJK/117,1.5604323,0.8169021,True,-152.8743133544922
0,0.915606677532196,0.9719048738479614,0.4241681694984436,0.2807017564773559,AVLDAFEVWAALMYPLLAALFPDLDEQQLLELLRVLWAKLTPAEKLPFVLLAALLAL,RPMNAFMVWARIHRPALAKANPAANNAEISVQLGLEWNKLSEEQKKPYYDEAQKIKE,7JJK.pdb,7JJK.pdb,118,../../data/data_and_model/sc_eval/original_new_10_0.5_0_eval/sc_output/7JJK/118,1.6684057,0.8243098,True,-150.0714111328125
0,1.1512480974197388,1.26261568069458,0.4241681694984436,0.2982456088066101,AVLDAFQVWAALLRPLLAALFPDLNEEELEELLRRLWALLTPAERLPFVLLALLLAL,RPMNAFMVWARIHRPALAKANPAANNAEISVQLGLEWNKLSEEQKKPYYDEAQKIKE,7JJK.pdb,7JJK.pdb,119,../../data/data_and_model/sc_eval/original_new_10_0.5_0_eval/sc_output/7JJK/119,1.0716172,0.83219624,True,-142.49264526367188
0,1.14910888671875,1.3402705192565918,0.4241681694984436,0.2982456088066101,AVLDAFQVWAALLRPLLAALFPDLDEEELEELLRRLWALLTPEERLPFVLLALLLAL,RPMNAFMVWARIHRPALAKANPAANNAEISVQLGLEWNKLSEEQKKPYYDEAQKIKE,7JJK.pdb,7JJK.pdb,120,../../data/data_and_model/sc_eval/original_new_10_0.5_0_eval/sc_output/7JJK/120,1.0412072,0.8261679,True,-137.61375427246094
0,0.8151624202728271,0.97266948223114,0.4241681694984436,0.3508771955966949,KVLDAFDVWAAFLYPLLAALFPDLNEEELLELLRVIWAKLTEEEKLPFVLLAALLAL,RPMNAFMVWARIHRPALAKANPAANNAEISVQLGLEWNKLSEEQKKPYYDEAQKIKE,7JJK.pdb,7JJK.pdb,121,../../data/data_and_model/sc_eval/original_new_10_0.5_0_eval/sc_output/7JJK/121,1.0783838,0.81699574,True,-150.4696807861328
0,0.958116054534912,1.0995317697525024,0.4241681694984436,0.3333333432674408,AVLDAFEVWAAFMYPLLAALFPDLNEEQLLELLRVLWAKLTEEEKLPFVLLALLLAL,RPMNAFMVWARIHRPALAKANPAANNAEISVQLGLEWNKLSEEQKKPYYDEAQKIKE,7JJK.pdb,7JJK.pdb,122,../../data/data_and_model/sc_eval/original_new_10_0.5_0_eval/sc_output/7JJK/122,1.262064,0.81615484,True,-154.4248809814453
0,0.5897216796875,0.4197525084018707,0.4241681694984436,0.3157894611358642,KVLDAFQVWAAFLYPLLAALFPDLNEEQLEELLRILWSLLTEEEKLPFVLLALLLAL,RPMNAFMVWARIHRPALAKANPAANNAEISVQLGLEWNKLSEEQKKPYYDEAQKIKE,7JJK.pdb,7JJK.pdb,123,../../data/data_and_model/sc_eval/original_new_10_0.5_0_eval/sc_output/7JJK/123,0.81550604,0.7926467,True,-151.9693145751953
0,1.081072449684143,1.2703120708465576,0.4241681694984436,0.3333333432674408,AVLDAFQVWAALLRPLLAALFPDLDEEELERLLRLLWALLTPEEKLPFVLLALALAL,RPMNAFMVWARIHRPALAKANPAANNAEISVQLGLEWNKLSEEQKKPYYDEAQKIKE,7JJK.pdb,7JJK.pdb,124,../../data/data_and_model/sc_eval/original_new_10_0.5_0_eval/sc_output/7JJK/124,1.296922,0.8325975,True,-142.22799682617188
0,0.6125456094741821,0.7314430475234985,0.4241681694984436,0.2982456088066101,KVLDAFDVFALFLYPLLAALYPDLNEEQLRRLLAEIWAALTEEEKLPFVLLALLLAL,RPMNAFMVWARIHRPALAKANPAANNAEISVQLGLEWNKLSEEQKKPYYDEAQKIKE,7JJK.pdb,7JJK.pdb,125,../../data/data_and_model/sc_eval/original_new_10_0.5_0_eval/sc_output/7JJK/125,0.9363716,0.82190484,True,-151.37420654296875
0,0.6658033728599548,0.6493338346481323,0.4241681694984436,0.3508771955966949,APLDAFQVWAALLRPLLAALFPDLDEEQLEELLRLLWALLTPEEKLPFVLLALLLKL,RPMNAFMVWARIHRPALAKANPAANNAEISVQLGLEWNKLSEEQKKPYYDEAQKIKE,7JJK.pdb,7JJK.pdb,126,../../data/data_and_model/sc_eval/original_new_10_0.5_0_eval/sc_output/7JJK/126,0.88421065,0.8130462,True,-150.25204467773438
0,1.0323011875152588,1.2427785396575928,0.4241681694984436,0.2982456088066101,AVLDAFQVWAAVLRPLLAALFPDLDEQQLEELLRRLWALLTEAEKLPFVLLALLLAL,RPMNAFMVWARIHRPALAKANPAANNAEISVQLGLEWNKLSEEQKKPYYDEAQKIKE,7JJK.pdb,7JJK.pdb,127,../../data/data_and_model/sc_eval/original_new_10_0.5_0_eval/sc_output/7JJK/127,0.93178207,0.83716744,True,-142.68994140625
